Image_ID,Predicted_Label
id_128pxx.jpg,Tomato_Septoria
id_12jbci.jpg,Corn_Streak
id_143s4o.jpg,Corn_Cercospora_Leaf_Spot
id_14tfmb.jpg,Pepper_Leaf_Mosaic
id_14tw4o.jpg,Tomato_Septoria
id_15ozvw.jpg,Pepper_Bacterial_Spot
id_163zns.jpg,Pepper_Septoria
id_1645r4.jpg,Corn_Cercospora_Leaf_Spot
id_167cbn.jpg,Tomato_Septoria
id_176skz.jpg,Tomato_Late_Blight
id_17bwk9.jpg,Tomato_Late_Blight
id_17u3md.jpg,Tomato_Septoria
id_18r32q.jpg,Tomato_Septoria
id_18wf25.jpg,Corn_Streak
id_1ag8gc.jpg,Pepper_Leaf_Mosaic
id_1awm9t.jpg,Corn_Streak
id_1b3zwu.jpg,Pepper_Bacterial_Spot
id_1ba1dt.jpg,Corn_Cercospora_Leaf_Spot
id_1bkn2l.jpg,Tomato_Late_Blight
id_1cl2pj.jpg,Pepper_Leaf_Mosaic
id_1do3cp.jpg,Pepper_Leaf_Mosaic
id_1duv4p.jpg,Corn_Streak
id_1ecbrb.jpg,Corn_Cercospora_Leaf_Spot
id_1ei3l5.jpg,Pepper_Leaf_Mosaic
id_1f4a7k.jpg,Pepper_Leaf_Mosaic
id_1fjr8m.jpg,Tomato_Septoria
id_1flm7s.jpg,Pepper_Healthy
id_1gj2dl.jpg,Pepper_Bacterial_Spot
id_1h4quq.jpg,Tomato_Late_Blight
id_1i7ofl.jpg,Pepper_Bacterial_Spot
id_1iazt1.jpg,Tomato_Late_Blight
id_1ic5o7.jpg,Tomato_Late_Blight
id_1ilfn6.jpg,Corn_Cercospora_Leaf_Spot
id_1ipxx9.jpg,Pepper_Healthy
id_1j317w.jpg,Pepper_Leaf_Mosaic
id_1jc2nw.jpg,Corn_Streak
id_1jqp7v.jpg,Corn_Cercospora_Leaf_Spot
id_1kuwad.jpg,Corn_Cercospora_Leaf_Spot
id_1lgvqd.jpg,Corn_Cercospora_Leaf_Spot
id_1muuin.jpg,Pepper_Leaf_Mosaic
id_1n8epx.jpg,Tomato_Septoria
id_1p2rir.jpg,Pepper_Leaf_Mosaic
id_1pfyy3.jpg,Pepper_Bacterial_Spot
id_1qbqle.jpg,Pepper_Bacterial_Spot
id_1r1ydr.jpg,Pepper_Bacterial_Spot
id_1rr1gd.jpg,Corn_Cercospora_Leaf_Spot
id_1sgtif.jpg,Corn_Streak
id_1t6gmo.jpg,Pepper_Bacterial_Spot
id_1u3kxg.jpg,Corn_Cercospora_Leaf_Spot
id_1ujan6.jpg,Pepper_Bacterial_Spot
id_1ur7gy.jpg,Corn_Streak
id_1v2dkb.jpg,Pepper_Bacterial_Spot
id_1w1k4c.jpg,Pepper_Leaf_Mosaic
id_1wni6m.jpg,Pepper_Leaf_Mosaic
id_1x2zqp.jpg,Tomato_Septoria
id_1x9sri.jpg,Pepper_Leaf_Mosaic
id_1yplsq.jpg,Pepper_Leaf_Mosaic
id_1zr69f.jpg,Tomato_Healthy
id_21hqo6.jpg,Corn_Cercospora_Leaf_Spot
id_23mmij.jpg,Corn_Cercospora_Leaf_Spot
id_249ds8.jpg,Pepper_Leaf_Mosaic
id_24jt81.jpg,Pepper_Leaf_Mosaic
id_25gjbm.jpg,Tomato_Healthy
id_27yxhg.jpg,Tomato_Healthy
id_28jitl.jpg,Tomato_Septoria
id_29dnro.jpg,Pepper_Leaf_Mosaic
id_29h9oe.jpg,Corn_Cercospora_Leaf_Spot
id_29vdgx.jpg,Pepper_Leaf_Mosaic
id_2a6san.jpg,Tomato_Septoria
id_2b3fgf.jpg,Pepper_Leaf_Mosaic
id_2bbwro.jpg,Corn_Healthy
id_2bqycr.jpg,Tomato_Fusarium
id_2bssym.jpg,Tomato_Late_Blight
id_2c8vd5.jpg,Corn_Cercospora_Leaf_Spot
id_2e9mkl.jpg,Pepper_Bacterial_Spot
id_2fic1h.jpg,Pepper_Fusarium
id_2fudj5.jpg,Tomato_Septoria
id_2g429q.jpg,Pepper_Leaf_Mosaic
id_2gbmnw.jpg,Corn_Cercospora_Leaf_Spot
id_2h8kwk.jpg,Corn_Cercospora_Leaf_Spot
id_2hejli.jpg,Tomato_Septoria
id_2hg8h5.jpg,Corn_Streak
id_2hi12d.jpg,Corn_Streak
id_2hm6i2.jpg,Corn_Cercospora_Leaf_Spot
id_2j3vuq.jpg,Tomato_Healthy
id_2j8ruh.jpg,Corn_Cercospora_Leaf_Spot
id_2jjwoe.jpg,Pepper_Bacterial_Spot
id_2k475s.jpg,Tomato_Late_Blight
id_2kgi6f.jpg,Pepper_Leaf_Mosaic
id_2l3s11.jpg,Tomato_Septoria
id_2lr93j.jpg,Corn_Streak
id_2lxhbi.jpg,Pepper_Healthy
id_2mdbse.jpg,Tomato_Septoria
id_2mi3wt.jpg,Pepper_Leaf_Mosaic
id_2oc7n8.jpg,Pepper_Healthy
id_2oos4m.jpg,Tomato_Late_Blight
id_2pqh9a.jpg,Corn_Cercospora_Leaf_Spot
id_2q7lnt.jpg,Corn_Cercospora_Leaf_Spot
id_2rl9gr.jpg,Corn_Streak
id_2rstzs.jpg,Pepper_Leaf_Mosaic
id_2sg62b.jpg,Corn_Cercospora_Leaf_Spot
id_2tyvws.jpg,Pepper_Leaf_Mosaic
id_2ugj8h.jpg,Corn_Cercospora_Leaf_Spot
id_2uz6sz.jpg,Corn_Streak
id_2vh4ug.jpg,Corn_Streak
id_2wgano.jpg,Corn_Streak
id_2x9ksf.jpg,Corn_Streak
id_2xucw1.jpg,Tomato_Late_Blight
id_31ll76.jpg,Corn_Cercospora_Leaf_Spot
id_31ll7c.jpg,Pepper_Leaf_Mosaic
id_31ox6x.jpg,Pepper_Leaf_Mosaic
id_31qjz4.jpg,Tomato_Septoria
id_31rg58.jpg,Pepper_Bacterial_Spot
id_31vsit.jpg,Corn_Cercospora_Leaf_Spot
id_321ino.jpg,Tomato_Late_Blight
id_3242wv.jpg,Corn_Cercospora_Leaf_Spot
id_32zk99.jpg,Tomato_Septoria
id_33ptzo.jpg,Tomato_Fusarium
id_344lib.jpg,Pepper_Leaf_Curl
id_35152d.jpg,Tomato_Late_Blight
id_354gu8.jpg,Tomato_Septoria
id_35etjl.jpg,Pepper_Leaf_Mosaic
id_3635c9.jpg,Corn_Cercospora_Leaf_Spot
id_368nze.jpg,Corn_Streak
id_36g54u.jpg,Tomato_Septoria
id_376wxu.jpg,Tomato_Septoria
id_3955bb.jpg,Tomato_Septoria
id_395gfp.jpg,Corn_Healthy
id_3a3l1q.jpg,Pepper_Leaf_Mosaic
id_3aeu3j.jpg,Tomato_Late_Blight
id_3b8rfv.jpg,Corn_Cercospora_Leaf_Spot
id_3ba63d.jpg,Corn_Cercospora_Leaf_Spot
id_3bqpk5.jpg,Tomato_Healthy
id_3chb9m.jpg,Pepper_Leaf_Mosaic
id_3cjmik.jpg,Tomato_Late_Blight
id_3d6efs.jpg,Corn_Cercospora_Leaf_Spot
id_3d76rn.jpg,Pepper_Leaf_Mosaic
id_3d9beu.jpg,Corn_Streak
id_3dvunx.jpg,Pepper_Leaf_Curl
id_3f8vcd.jpg,Corn_Cercospora_Leaf_Spot
id_3fj2ng.jpg,Corn_Cercospora_Leaf_Spot
id_3flda1.jpg,Pepper_Healthy
id_3gdbjx.jpg,Tomato_Septoria
id_3gqe9k.jpg,Pepper_Bacterial_Spot
id_3gyfjv.jpg,Corn_Cercospora_Leaf_Spot
id_3h2g1q.jpg,Corn_Streak
id_3iem2y.jpg,Pepper_Leaf_Mosaic
id_3j5uzk.jpg,Pepper_Bacterial_Spot
id_3kgyvx.jpg,Tomato_Fusarium
id_3lqynv.jpg,Pepper_Leaf_Curl
id_3mbuzw.jpg,Corn_Streak
id_3mmvls.jpg,Corn_Streak
id_3n8txk.jpg,Tomato_Late_Blight
id_3npb6z.jpg,Pepper_Leaf_Mosaic
id_3orain.jpg,Corn_Streak
id_3otwhd.jpg,Tomato_Early_Blight
id_3p14hw.jpg,Corn_Cercospora_Leaf_Spot
id_3pdf1g.jpg,Pepper_Leaf_Mosaic
id_3qsykd.jpg,Corn_Streak
id_3r9xg4.jpg,Corn_Streak
id_3ra9ha.jpg,Pepper_Leaf_Mosaic
id_3rz5sc.jpg,Tomato_Healthy
id_3s2n38.jpg,Corn_Cercospora_Leaf_Spot
id_3s4wk9.jpg,Corn_Cercospora_Leaf_Spot
id_3sdsm9.jpg,Pepper_Leaf_Mosaic
id_3sxmps.jpg,Corn_Streak
id_3uw9qu.jpg,Tomato_Late_Blight
id_3veyaf.jpg,Corn_Streak
id_3vps2a.jpg,Tomato_Septoria
id_3vyyov.jpg,Pepper_Leaf_Mosaic
id_3ww7zp.jpg,Corn_Streak
id_3wwsu6.jpg,Tomato_Healthy
id_3x6jk4.jpg,Tomato_Late_Blight
id_3xd98y.jpg,Pepper_Bacterial_Spot
id_3xfbz7.jpg,Corn_Common_Rust
id_3xys2u.jpg,Tomato_Septoria
id_3zb7ib.jpg,Corn_Streak
id_3zz57h.jpg,Tomato_Late_Blight
id_42fu9t.jpg,Pepper_Leaf_Mosaic
id_448jk9.jpg,Pepper_Bacterial_Spot
id_44kap9.jpg,Tomato_Septoria
id_453a2w.jpg,Pepper_Bacterial_Spot
id_45m535.jpg,Pepper_Septoria
id_4685lf.jpg,Pepper_Leaf_Mosaic
id_46yqvy.jpg,Tomato_Late_Blight
id_47mu5q.jpg,Pepper_Leaf_Mosaic
id_49svy3.jpg,Tomato_Septoria
id_49yggj.jpg,Pepper_Leaf_Mosaic
id_4a1acf.jpg,Corn_Cercospora_Leaf_Spot
id_4b3j4p.jpg,Corn_Cercospora_Leaf_Spot
id_4b6imu.jpg,Corn_Cercospora_Leaf_Spot
id_4bum3e.jpg,Corn_Common_Rust
id_4cpauh.jpg,Tomato_Septoria
id_4cuok5.jpg,Corn_Streak
id_4dbgfb.jpg,Pepper_Leaf_Mosaic
id_4dbpyl.jpg,Pepper_Leaf_Mosaic
id_4dibnv.jpg,Pepper_Fusarium
id_4dn5fx.jpg,Tomato_Fusarium
id_4e982g.jpg,Tomato_Septoria
id_4ehke9.jpg,Corn_Cercospora_Leaf_Spot
id_4ekbhi.jpg,Pepper_Leaf_Mosaic
id_4elbl1.jpg,Pepper_Leaf_Mosaic
id_4fk43b.jpg,Tomato_Healthy
id_4fwxuw.jpg,Tomato_Septoria
id_4fxqs4.jpg,Pepper_Leaf_Mosaic
id_4gtki1.jpg,Tomato_Late_Blight
id_4h2tir.jpg,Pepper_Leaf_Mosaic
id_4hcwzu.jpg,Corn_Cercospora_Leaf_Spot
id_4ib7rg.jpg,Tomato_Late_Blight
id_4jnmej.jpg,Pepper_Leaf_Mosaic
id_4l9mss.jpg,Pepper_Bacterial_Spot
id_4lh9hl.jpg,Corn_Cercospora_Leaf_Spot
id_4lj2qc.jpg,Tomato_Healthy
id_4m651z.jpg,Pepper_Bacterial_Spot
id_4mnuo1.jpg,Pepper_Leaf_Mosaic
id_4ocj2l.jpg,Tomato_Septoria
id_4ovqvp.jpg,Corn_Streak
id_4p2irc.jpg,Pepper_Bacterial_Spot
id_4pd3u5.jpg,Pepper_Leaf_Mosaic
id_4pe56v.jpg,Tomato_Septoria
id_4pghlm.jpg,Tomato_Septoria
id_4q5hnv.jpg,Corn_Cercospora_Leaf_Spot
id_4q5z3j.jpg,Pepper_Bacterial_Spot
id_4qddjz.jpg,Tomato_Late_Blight
id_4qt66h.jpg,Tomato_Late_Blight
id_4s92lg.jpg,Corn_Cercospora_Leaf_Spot
id_4t4xzp.jpg,Tomato_Late_Blight
id_4ucv2f.jpg,Corn_Cercospora_Leaf_Spot
id_4uguai.jpg,Pepper_Leaf_Mosaic
id_4vkilt.jpg,Pepper_Healthy
id_4xtjo9.jpg,Tomato_Late_Blight
id_4y5wkn.jpg,Corn_Streak
id_51cost.jpg,Pepper_Bacterial_Spot
id_51d3zm.jpg,Pepper_Leaf_Mosaic
id_51hikg.jpg,Pepper_Leaf_Mosaic
id_51imjc.jpg,Pepper_Leaf_Mosaic
id_52b2lm.jpg,Tomato_Fusarium
id_52ez3v.jpg,Tomato_Septoria
id_531xmh.jpg,Pepper_Leaf_Mosaic
id_53qnw9.jpg,Pepper_Bacterial_Spot
id_547zax.jpg,Corn_Streak
id_548kqt.jpg,Corn_Streak
id_54rowo.jpg,Corn_Streak
id_552d3a.jpg,Corn_Streak
id_55fkot.jpg,Corn_Cercospora_Leaf_Spot
id_55g5f4.jpg,Tomato_Septoria
id_55ibj2.jpg,Tomato_Late_Blight
id_55qasa.jpg,Pepper_Bacterial_Spot
id_55vjcs.jpg,Pepper_Leaf_Mosaic
id_56iu3x.jpg,Pepper_Leaf_Curl
id_579elr.jpg,Corn_Streak
id_57eby8.jpg,Corn_Streak
id_57tgn5.jpg,Corn_Cercospora_Leaf_Spot
id_583k2d.jpg,Corn_Cercospora_Leaf_Spot
id_585c6e.jpg,Corn_Streak
id_597dyb.jpg,Corn_Cercospora_Leaf_Spot
id_59lcde.jpg,Pepper_Leaf_Mosaic
id_59wz6j.jpg,Pepper_Bacterial_Spot
id_5a5kr6.jpg,Corn_Cercospora_Leaf_Spot
id_5axpej.jpg,Pepper_Leaf_Curl
id_5bbjmw.jpg,Tomato_Late_Blight
id_5bpv34.jpg,Pepper_Healthy
id_5cdy71.jpg,Corn_Streak
id_5cj4ox.jpg,Corn_Cercospora_Leaf_Spot
id_5cvje7.jpg,Pepper_Leaf_Mosaic
id_5edo28.jpg,Corn_Streak
id_5em74c.jpg,Corn_Streak
id_5fc5fb.jpg,Tomato_Healthy
id_5fnzn2.jpg,Tomato_Healthy
id_5fx7ix.jpg,Tomato_Septoria
id_5ha6ak.jpg,Tomato_Healthy
id_5i5ois.jpg,Pepper_Leaf_Mosaic
id_5i7mpd.jpg,Pepper_Bacterial_Spot
id_5ix9gy.jpg,Tomato_Septoria
id_5m2mei.jpg,Pepper_Healthy
id_5m8zts.jpg,Tomato_Late_Blight
id_5mpvw2.jpg,Corn_Cercospora_Leaf_Spot
id_5n7ojq.jpg,Pepper_Leaf_Mosaic
id_5na183.jpg,Pepper_Bacterial_Spot
id_5o7llc.jpg,Tomato_Healthy
id_5orfrk.jpg,Pepper_Healthy
id_5ouj35.jpg,Corn_Streak
id_5p5kxc.jpg,Corn_Cercospora_Leaf_Spot
id_5p7jwh.jpg,Pepper_Bacterial_Spot
id_5pzodk.jpg,Tomato_Septoria
id_5q1b17.jpg,Pepper_Leaf_Mosaic
id_5qsqhn.jpg,Pepper_Leaf_Mosaic
id_5qzo5c.jpg,Corn_Streak
id_5r5lor.jpg,Tomato_Septoria
id_5rhlbz.jpg,Pepper_Leaf_Mosaic
id_5sgfkz.jpg,Pepper_Leaf_Curl
id_5suxct.jpg,Pepper_Leaf_Mosaic
id_5txzmq.jpg,Tomato_Septoria
id_5uic4r.jpg,Tomato_Septoria
id_5vopsr.jpg,Corn_Cercospora_Leaf_Spot
id_5vzldu.jpg,Corn_Cercospora_Leaf_Spot
id_5wnslm.jpg,Pepper_Leaf_Mosaic
id_5xo7p2.jpg,Tomato_Healthy
id_5y2eds.jpg,Tomato_Healthy
id_5z642c.jpg,Corn_Healthy
id_5zch4o.jpg,Pepper_Leaf_Mosaic
id_5zp2z6.jpg,Pepper_Leaf_Mosaic
id_5zxk1b.jpg,Corn_Cercospora_Leaf_Spot
id_61feie.jpg,Corn_Cercospora_Leaf_Spot
id_61o6u5.jpg,Tomato_Septoria
id_621lrw.jpg,Corn_Cercospora_Leaf_Spot
id_625l96.jpg,Tomato_Late_Blight
id_63ebfz.jpg,Pepper_Healthy
id_644x7c.jpg,Corn_Cercospora_Leaf_Spot
id_64g3s2.jpg,Pepper_Leaf_Mosaic
id_64kwgz.jpg,Corn_Streak
id_65fkic.jpg,Tomato_Septoria
id_65xlnh.jpg,Tomato_Late_Blight
id_66l41h.jpg,Pepper_Leaf_Mosaic
id_69lt2k.jpg,Tomato_Late_Blight
id_69tg4u.jpg,Corn_Cercospora_Leaf_Spot
id_6ablj3.jpg,Tomato_Septoria
id_6agg8e.jpg,Corn_Cercospora_Leaf_Spot
id_6bhffh.jpg,Pepper_Leaf_Mosaic
id_6bmjw1.jpg,Corn_Healthy
id_6byeue.jpg,Pepper_Healthy
id_6cyq6v.jpg,Pepper_Leaf_Mosaic
id_6d7eip.jpg,Tomato_Septoria
id_6dkki5.jpg,Tomato_Healthy
id_6dkqbf.jpg,Corn_Cercospora_Leaf_Spot
id_6eec86.jpg,Tomato_Healthy
id_6efwbi.jpg,Pepper_Leaf_Mosaic
id_6eifyu.jpg,Tomato_Late_Blight
id_6fq6o2.jpg,Pepper_Bacterial_Spot
id_6gsmac.jpg,Pepper_Leaf_Mosaic
id_6h1lng.jpg,Pepper_Healthy
id_6h2aqe.jpg,Tomato_Healthy
id_6in2d1.jpg,Tomato_Septoria
id_6j38xe.jpg,Corn_Streak
id_6jqwnt.jpg,Pepper_Leaf_Mosaic
id_6jthdg.jpg,Tomato_Healthy
id_6kug84.jpg,Pepper_Leaf_Mosaic
id_6kvuya.jpg,Corn_Streak
id_6lhtdr.jpg,Corn_Cercospora_Leaf_Spot
id_6ls5fz.jpg,Pepper_Leaf_Mosaic
id_6lvqcr.jpg,Corn_Cercospora_Leaf_Spot
id_6mbwwd.jpg,Corn_Streak
id_6me9oq.jpg,Tomato_Late_Blight
id_6mlwm7.jpg,Tomato_Late_Blight
id_6n3beb.jpg,Tomato_Healthy
id_6p5yhs.jpg,Tomato_Septoria
id_6rve6o.jpg,Corn_Streak
id_6snfwg.jpg,Pepper_Septoria
id_6t3ibh.jpg,Pepper_Leaf_Mosaic
id_6t5h6b.jpg,Pepper_Leaf_Mosaic
id_6ubjte.jpg,Pepper_Bacterial_Spot
id_6voqfp.jpg,Tomato_Late_Blight
id_6vybhj.jpg,Pepper_Leaf_Mosaic
id_6wkf5g.jpg,Corn_Cercospora_Leaf_Spot
id_6wury1.jpg,Corn_Cercospora_Leaf_Spot
id_6x353x.jpg,Corn_Healthy
id_6xxb78.jpg,Corn_Cercospora_Leaf_Spot
id_6y9eed.jpg,Corn_Cercospora_Leaf_Spot
id_6ytlea.jpg,Corn_Streak
id_6z6rcn.jpg,Tomato_Septoria
id_6zyo3m.jpg,Pepper_Leaf_Mosaic
id_713xf1.jpg,Pepper_Leaf_Curl
id_71dbgd.jpg,Corn_Streak
id_729m1t.jpg,Pepper_Leaf_Curl
id_72e33f.jpg,Tomato_Healthy
id_72kon6.jpg,Corn_Cercospora_Leaf_Spot
id_72yd92.jpg,Corn_Streak
id_73pdc3.jpg,Pepper_Bacterial_Spot
id_73qle5.jpg,Corn_Streak
id_74wdvd.jpg,Pepper_Leaf_Curl
id_74x6an.jpg,Corn_Cercospora_Leaf_Spot
id_75ekgs.jpg,Tomato_Late_Blight
id_75kyhd.jpg,Tomato_Septoria
id_76klav.jpg,Tomato_Septoria
id_773byq.jpg,Tomato_Late_Blight
id_79w816.jpg,Tomato_Septoria
id_7a1y4r.jpg,Pepper_Bacterial_Spot
id_7ae4e6.jpg,Corn_Cercospora_Leaf_Spot
id_7au5v9.jpg,Pepper_Healthy
id_7avwiz.jpg,Pepper_Bacterial_Spot
id_7b7zsf.jpg,Tomato_Healthy
id_7bp5p5.jpg,Tomato_Septoria
id_7btwd9.jpg,Corn_Streak
id_7cyjb2.jpg,Pepper_Leaf_Mosaic
id_7dyks5.jpg,Pepper_Leaf_Mosaic
id_7e9jo7.jpg,Pepper_Leaf_Mosaic
id_7ex4u9.jpg,Tomato_Fusarium
id_7f5smu.jpg,Corn_Cercospora_Leaf_Spot
id_7f7inx.jpg,Pepper_Leaf_Mosaic
id_7fahu3.jpg,Tomato_Septoria
id_7fiufn.jpg,Corn_Cercospora_Leaf_Spot
id_7hjpgy.jpg,Pepper_Leaf_Mosaic
id_7hkomo.jpg,Pepper_Leaf_Mosaic
id_7iteag.jpg,Corn_Cercospora_Leaf_Spot
id_7jw9qe.jpg,Tomato_Late_Blight
id_7kabk1.jpg,Corn_Streak
id_7m9zxt.jpg,Corn_Streak
id_7mc54q.jpg,Pepper_Leaf_Mosaic
id_7o8axf.jpg,Tomato_Septoria
id_7oi1bn.jpg,Corn_Streak
id_7ostio.jpg,Corn_Cercospora_Leaf_Spot
id_7pqdur.jpg,Tomato_Septoria
id_7q588w.jpg,Tomato_Septoria
id_7qxjy3.jpg,Corn_Cercospora_Leaf_Spot
id_7r1mme.jpg,Corn_Cercospora_Leaf_Spot
id_7rstkc.jpg,Corn_Cercospora_Leaf_Spot
id_7t3wma.jpg,Pepper_Bacterial_Spot
id_7tpm36.jpg,Pepper_Healthy
id_7u24fq.jpg,Tomato_Healthy
id_7u2vej.jpg,Corn_Cercospora_Leaf_Spot
id_7vwwth.jpg,Pepper_Leaf_Mosaic
id_7w3ion.jpg,Corn_Cercospora_Leaf_Spot
id_7wpj7b.jpg,Tomato_Septoria
id_7yi124.jpg,Corn_Streak
id_7zm8n7.jpg,Corn_Cercospora_Leaf_Spot
id_81awdy.jpg,Tomato_Septoria
id_81hzx1.jpg,Pepper_Bacterial_Spot
id_81v7vh.jpg,Tomato_Late_Blight
id_81zaub.jpg,Corn_Cercospora_Leaf_Spot
id_823ado.jpg,Tomato_Septoria
id_82aph4.jpg,Corn_Healthy
id_82sfhl.jpg,Corn_Streak
id_8435o8.jpg,Corn_Cercospora_Leaf_Spot
id_84t5vq.jpg,Tomato_Septoria
id_858lid.jpg,Tomato_Healthy
id_86z6zd.jpg,Pepper_Bacterial_Spot
id_873iil.jpg,Pepper_Leaf_Mosaic
id_88t8ce.jpg,Corn_Cercospora_Leaf_Spot
id_89spfc.jpg,Tomato_Healthy
id_89t6h3.jpg,Corn_Streak
id_89uywz.jpg,Corn_Healthy
id_8a7a7c.jpg,Corn_Cercospora_Leaf_Spot
id_8beigq.jpg,Pepper_Bacterial_Spot
id_8bij5v.jpg,Tomato_Septoria
id_8cznb8.jpg,Pepper_Leaf_Mosaic
id_8dg3gv.jpg,Tomato_Septoria
id_8ecz7a.jpg,Tomato_Late_Blight
id_8ex65i.jpg,Corn_Cercospora_Leaf_Spot
id_8eywkt.jpg,Pepper_Leaf_Mosaic
id_8ez5ji.jpg,Pepper_Leaf_Mosaic
id_8ezudn.jpg,Corn_Healthy
id_8fq1tc.jpg,Tomato_Healthy
id_8gt3nu.jpg,Tomato_Late_Blight
id_8h8htl.jpg,Pepper_Bacterial_Spot
id_8i9ymq.jpg,Tomato_Septoria
id_8ibswv.jpg,Pepper_Bacterial_Spot
id_8ie3x6.jpg,Corn_Cercospora_Leaf_Spot
id_8ijngt.jpg,Pepper_Bacterial_Spot
id_8im4h2.jpg,Tomato_Septoria
id_8iztl1.jpg,Tomato_Septoria
id_8j4fp7.jpg,Pepper_Bacterial_Spot
id_8k9n4c.jpg,Pepper_Leaf_Mosaic
id_8kekkl.jpg,Tomato_Septoria
id_8khdbi.jpg,Tomato_Late_Blight
id_8kszxa.jpg,Corn_Cercospora_Leaf_Spot
id_8l3hm3.jpg,Tomato_Septoria
id_8lz1qy.jpg,Corn_Cercospora_Leaf_Spot
id_8mlgdz.jpg,Corn_Cercospora_Leaf_Spot
id_8mrspk.jpg,Corn_Cercospora_Leaf_Spot
id_8nneme.jpg,Pepper_Leaf_Mosaic
id_8odeo5.jpg,Pepper_Leaf_Mosaic
id_8pu1d9.jpg,Corn_Cercospora_Leaf_Spot
id_8pxury.jpg,Tomato_Late_Blight
id_8pzfm1.jpg,Tomato_Septoria
id_8q3it3.jpg,Corn_Cercospora_Leaf_Spot
id_8qe4sh.jpg,Corn_Cercospora_Leaf_Spot
id_8qminv.jpg,Corn_Streak
id_8rjabw.jpg,Tomato_Septoria
id_8rx1wr.jpg,Pepper_Bacterial_Spot
id_8stz9b.jpg,Tomato_Late_Blight
id_8t239a.jpg,Pepper_Leaf_Mosaic
id_8t6sd1.jpg,Tomato_Healthy
id_8tib8k.jpg,Corn_Streak
id_8u5umc.jpg,Corn_Healthy
id_8ufry4.jpg,Pepper_Leaf_Mosaic
id_8ul61q.jpg,Corn_Cercospora_Leaf_Spot
id_8vu549.jpg,Corn_Cercospora_Leaf_Spot
id_8vwpsa.jpg,Tomato_Septoria
id_8wedbj.jpg,Pepper_Bacterial_Spot
id_8xpclv.jpg,Pepper_Fusarium
id_8xxudj.jpg,Corn_Common_Rust
id_8y8wlr.jpg,Tomato_Late_Blight
id_8zdqys.jpg,Tomato_Early_Blight
id_8zerhw.jpg,Corn_Streak
id_915g8c.jpg,Tomato_Septoria
id_916cou.jpg,Tomato_Septoria
id_9173ov.jpg,Corn_Cercospora_Leaf_Spot
id_91kyxj.jpg,Tomato_Septoria
id_91p5wb.jpg,Corn_Streak
id_923wue.jpg,Corn_Cercospora_Leaf_Spot
id_934rzx.jpg,Pepper_Leaf_Mosaic
id_93fksw.jpg,Pepper_Fusarium
id_9414hc.jpg,Pepper_Bacterial_Spot
id_95g1ep.jpg,Pepper_Bacterial_Spot
id_95vzyj.jpg,Pepper_Leaf_Mosaic
id_96gf81.jpg,Pepper_Leaf_Mosaic
id_97h8ww.jpg,Pepper_Leaf_Curl
id_97jknw.jpg,Pepper_Bacterial_Spot
id_98awiq.jpg,Tomato_Late_Blight
id_98gj7h.jpg,Pepper_Leaf_Mosaic
id_9952c6.jpg,Pepper_Leaf_Mosaic
id_99u23h.jpg,Tomato_Septoria
id_9abncz.jpg,Corn_Streak
id_9bl54o.jpg,Pepper_Leaf_Mosaic
id_9dqwsl.jpg,Pepper_Leaf_Curl
id_9efz9u.jpg,Tomato_Late_Blight
id_9f1lu2.jpg,Corn_Streak
id_9fx3wt.jpg,Corn_Healthy
id_9h1g6g.jpg,Corn_Streak
id_9ha8vd.jpg,Pepper_Bacterial_Spot
id_9i759h.jpg,Pepper_Leaf_Mosaic
id_9iobrn.jpg,Pepper_Bacterial_Spot
id_9iuxhl.jpg,Pepper_Leaf_Curl
id_9j1i1c.jpg,Tomato_Septoria
id_9jofpt.jpg,Pepper_Leaf_Mosaic
id_9krfb9.jpg,Tomato_Healthy
id_9legf4.jpg,Tomato_Septoria
id_9lmvp9.jpg,Pepper_Healthy
id_9lxok1.jpg,Tomato_Late_Blight
id_9m4n6r.jpg,Corn_Streak
id_9myeru.jpg,Corn_Streak
id_9oecyz.jpg,Corn_Streak
id_9ooeau.jpg,Corn_Cercospora_Leaf_Spot
id_9oy1kb.jpg,Tomato_Late_Blight
id_9p2pp3.jpg,Tomato_Septoria
id_9plzqb.jpg,Corn_Cercospora_Leaf_Spot
id_9s93kr.jpg,Corn_Streak
id_9tnknt.jpg,Tomato_Septoria
id_9uekrs.jpg,Corn_Cercospora_Leaf_Spot
id_9ulqob.jpg,Tomato_Early_Blight
id_9v3rev.jpg,Pepper_Leaf_Mosaic
id_9vzs7i.jpg,Pepper_Healthy
id_9x647j.jpg,Corn_Cercospora_Leaf_Spot
id_9x6o81.jpg,Pepper_Leaf_Mosaic
id_9xfxds.jpg,Corn_Streak
id_9xmn2m.jpg,Tomato_Healthy
id_9yfh9i.jpg,Pepper_Leaf_Curl
id_9zrvwf.jpg,Pepper_Leaf_Mosaic
id_9zunmp.jpg,Corn_Cercospora_Leaf_Spot
id_a18dsf.jpg,Tomato_Healthy
id_a1ik2w.jpg,Corn_Streak
id_a2iczv.jpg,Pepper_Leaf_Mosaic
id_a34mxy.jpg,Pepper_Leaf_Mosaic
id_a361cu.jpg,Corn_Cercospora_Leaf_Spot
id_a43w8n.jpg,Pepper_Bacterial_Spot
id_a4eidi.jpg,Pepper_Bacterial_Spot
id_a4p8jj.jpg,Corn_Cercospora_Leaf_Spot
id_a4wilf.jpg,Pepper_Leaf_Mosaic
id_a62a5s.jpg,Corn_Streak
id_a6km4h.jpg,Pepper_Leaf_Mosaic
id_a8c6w8.jpg,Corn_Cercospora_Leaf_Spot
id_a8hgcl.jpg,Corn_Streak
id_a9aet4.jpg,Pepper_Leaf_Mosaic
id_a9ckto.jpg,Pepper_Bacterial_Spot
id_a9h8yw.jpg,Tomato_Fusarium
id_aamief.jpg,Corn_Cercospora_Leaf_Spot
id_aawd6w.jpg,Corn_Streak
id_adki5u.jpg,Corn_Cercospora_Leaf_Spot
id_adozns.jpg,Tomato_Healthy
id_ae5kx3.jpg,Corn_Streak
id_afocdo.jpg,Pepper_Leaf_Mosaic
id_ais9dz.jpg,Pepper_Bacterial_Spot
id_aj5p67.jpg,Pepper_Leaf_Mosaic
id_al9ua9.jpg,Corn_Cercospora_Leaf_Spot
id_ald851.jpg,Tomato_Late_Blight
id_alksbp.jpg,Pepper_Leaf_Curl
id_alyp95.jpg,Corn_Healthy
id_amugf1.jpg,Corn_Cercospora_Leaf_Spot
id_ao2r69.jpg,Tomato_Septoria
id_aols4a.jpg,Pepper_Leaf_Mosaic
id_aoubd3.jpg,Corn_Common_Rust
id_aovzli.jpg,Tomato_Septoria
id_apt7i5.jpg,Corn_Streak
id_aq3i1h.jpg,Corn_Cercospora_Leaf_Spot
id_aqdin6.jpg,Tomato_Septoria
id_aqsfb2.jpg,Tomato_Septoria
id_arlzsy.jpg,Pepper_Healthy
id_arntjq.jpg,Tomato_Fusarium
id_asozwl.jpg,Tomato_Late_Blight
id_atam6w.jpg,Pepper_Leaf_Mosaic
id_av1me3.jpg,Corn_Streak
id_awr46o.jpg,Pepper_Fusarium
id_axf8fk.jpg,Tomato_Septoria
id_axktj2.jpg,Corn_Streak
id_ayeiia.jpg,Corn_Streak
id_ayklsb.jpg,Tomato_Healthy
id_azkhqh.jpg,Tomato_Septoria
id_b1mlcd.jpg,Pepper_Bacterial_Spot
id_b3m1rt.jpg,Tomato_Late_Blight
id_b53h5f.jpg,Corn_Cercospora_Leaf_Spot
id_b57hwl.jpg,Pepper_Leaf_Mosaic
id_b6xvk6.jpg,Pepper_Bacterial_Spot
id_b7rak7.jpg,Tomato_Septoria
id_b936hs.jpg,Pepper_Leaf_Mosaic
id_ba497i.jpg,Tomato_Septoria
id_baah8x.jpg,Corn_Streak
id_balc2h.jpg,Tomato_Septoria
id_bb4gyf.jpg,Tomato_Late_Blight
id_bbargq.jpg,Tomato_Late_Blight
id_bbipv7.jpg,Corn_Streak
id_bcphfe.jpg,Corn_Cercospora_Leaf_Spot
id_bd3i3d.jpg,Tomato_Septoria
id_bdv523.jpg,Corn_Cercospora_Leaf_Spot
id_benqsu.jpg,Tomato_Septoria
id_bfa75p.jpg,Corn_Cercospora_Leaf_Spot
id_bfgdei.jpg,Corn_Streak
id_bg26bh.jpg,Tomato_Septoria
id_bg729r.jpg,Corn_Healthy
id_bgnocb.jpg,Corn_Healthy
id_bhr3l9.jpg,Corn_Streak
id_bhwpqz.jpg,Tomato_Late_Blight
id_bizwcx.jpg,Pepper_Healthy
id_bj5tvk.jpg,Pepper_Healthy
id_bj8g6o.jpg,Pepper_Bacterial_Spot
id_bk2qa8.jpg,Corn_Streak
id_bkmc61.jpg,Pepper_Leaf_Curl
id_bkxxtd.jpg,Corn_Cercospora_Leaf_Spot
id_bl13p1.jpg,Pepper_Bacterial_Spot
id_blogez.jpg,Tomato_Septoria
id_blvrue.jpg,Pepper_Leaf_Mosaic
id_bm7n4h.jpg,Tomato_Septoria
id_bm9o3p.jpg,Tomato_Septoria
id_bmwjs3.jpg,Tomato_Septoria
id_bn3jdx.jpg,Corn_Healthy
id_bneq55.jpg,Tomato_Late_Blight
id_bnqdre.jpg,Corn_Cercospora_Leaf_Spot
id_bodkar.jpg,Pepper_Bacterial_Spot
id_bok537.jpg,Corn_Streak
id_bpoy14.jpg,Tomato_Late_Blight
id_bqbu9m.jpg,Tomato_Septoria
id_bqknox.jpg,Corn_Cercospora_Leaf_Spot
id_brje4r.jpg,Corn_Cercospora_Leaf_Spot
id_brsmnd.jpg,Tomato_Healthy
id_bsvqyu.jpg,Pepper_Leaf_Mosaic
id_bu7pd5.jpg,Corn_Streak
id_buyppa.jpg,Tomato_Late_Blight
id_bvcgpc.jpg,Tomato_Late_Blight
id_bw9xeh.jpg,Pepper_Bacterial_Spot
id_bwuzoy.jpg,Corn_Streak
id_bwv9mn.jpg,Pepper_Bacterial_Spot
id_bx27gf.jpg,Corn_Streak
id_bx8pre.jpg,Corn_Cercospora_Leaf_Spot
id_bxga6y.jpg,Corn_Cercospora_Leaf_Spot
id_bxoagn.jpg,Tomato_Fusarium
id_bxrqf7.jpg,Corn_Streak
id_bxz1md.jpg,Tomato_Septoria
id_bychfe.jpg,Pepper_Bacterial_Spot
id_bywimn.jpg,Corn_Cercospora_Leaf_Spot
id_c2lsit.jpg,Tomato_Healthy
id_c3abzu.jpg,Pepper_Leaf_Mosaic
id_c3pa1h.jpg,Corn_Streak
id_c429kf.jpg,Pepper_Bacterial_Spot
id_c4br2x.jpg,Corn_Cercospora_Leaf_Spot
id_c78beh.jpg,Tomato_Late_Blight
id_c7y52g.jpg,Tomato_Late_Blight
id_c826sj.jpg,Pepper_Leaf_Mosaic
id_c9v9tg.jpg,Pepper_Bacterial_Spot
id_cacp4w.jpg,Pepper_Bacterial_Spot
id_cadiom.jpg,Tomato_Healthy
id_cavdtj.jpg,Tomato_Late_Blight
id_cayfin.jpg,Corn_Streak
id_cb6crv.jpg,Corn_Streak
id_cbzpg9.jpg,Corn_Streak
id_ccpncl.jpg,Pepper_Leaf_Mosaic
id_ccza1l.jpg,Pepper_Leaf_Curl
id_cddmqu.jpg,Pepper_Bacterial_Spot
id_cdn8gg.jpg,Tomato_Septoria
id_cdw8yr.jpg,Pepper_Leaf_Mosaic
id_ceg1jw.jpg,Corn_Cercospora_Leaf_Spot
id_cfujak.jpg,Tomato_Healthy
id_cg2qds.jpg,Pepper_Leaf_Mosaic
id_cg9fg6.jpg,Corn_Cercospora_Leaf_Spot
id_cggrrh.jpg,Tomato_Healthy
id_cgsbiz.jpg,Pepper_Bacterial_Spot
id_chf9bu.jpg,Corn_Cercospora_Leaf_Spot
id_cjjo1q.jpg,Corn_Cercospora_Leaf_Spot
id_cjmgyc.jpg,Corn_Streak
id_ck3rir.jpg,Pepper_Leaf_Mosaic
id_ckcf6h.jpg,Corn_Cercospora_Leaf_Spot
id_ckgw2y.jpg,Tomato_Septoria
id_ckiesg.jpg,Corn_Cercospora_Leaf_Spot
id_ckpzp4.jpg,Pepper_Leaf_Mosaic
id_ckvqqh.jpg,Corn_Cercospora_Leaf_Spot
id_cl4oc2.jpg,Corn_Cercospora_Leaf_Spot
id_clfnks.jpg,Pepper_Leaf_Curl
id_clg265.jpg,Corn_Cercospora_Leaf_Spot
id_clmkky.jpg,Tomato_Healthy
id_cmsrkl.jpg,Pepper_Leaf_Mosaic
id_cnf9sj.jpg,Pepper_Bacterial_Spot
id_coelzc.jpg,Tomato_Late_Blight
id_coh23e.jpg,Tomato_Late_Blight
id_cojo2c.jpg,Pepper_Leaf_Mosaic
id_cq1voo.jpg,Tomato_Healthy
id_crmabu.jpg,Pepper_Leaf_Mosaic
id_cs25fb.jpg,Pepper_Bacterial_Spot
id_cs5yaj.jpg,Pepper_Leaf_Curl
id_cszgjb.jpg,Corn_Streak
id_ct35pp.jpg,Pepper_Leaf_Mosaic
id_ctmew1.jpg,Corn_Streak
id_cu5zis.jpg,Corn_Cercospora_Leaf_Spot
id_cudjiq.jpg,Pepper_Bacterial_Spot
id_cvtq8y.jpg,Pepper_Leaf_Mosaic
id_cw9n1o.jpg,Tomato_Healthy
id_cwee1w.jpg,Corn_Cercospora_Leaf_Spot
id_cwfgfw.jpg,Tomato_Septoria
id_cxlyiu.jpg,Corn_Streak
id_cxvsqe.jpg,Pepper_Leaf_Mosaic
id_cxwa7u.jpg,Tomato_Late_Blight
id_cyq199.jpg,Pepper_Leaf_Curl
id_cze149.jpg,Tomato_Septoria
id_czsg54.jpg,Tomato_Late_Blight
id_d1my4q.jpg,Pepper_Leaf_Mosaic
id_d1s7jh.jpg,Tomato_Septoria
id_d1y7i4.jpg,Tomato_Healthy
id_d24cfs.jpg,Corn_Cercospora_Leaf_Spot
id_d2h417.jpg,Pepper_Healthy
id_d2imj9.jpg,Corn_Cercospora_Leaf_Spot
id_d2owzk.jpg,Pepper_Septoria
id_d2yreh.jpg,Pepper_Leaf_Mosaic
id_d3f7sw.jpg,Pepper_Leaf_Mosaic
id_d3lq2m.jpg,Pepper_Bacterial_Spot
id_d3r29j.jpg,Tomato_Healthy
id_d3swt3.jpg,Pepper_Leaf_Mosaic
id_d4yx4o.jpg,Pepper_Septoria
id_d5853o.jpg,Corn_Cercospora_Leaf_Spot
id_d5d6wm.jpg,Corn_Streak
id_d5ynnr.jpg,Pepper_Bacterial_Spot
id_d6cl6u.jpg,Corn_Cercospora_Leaf_Spot
id_d6gcio.jpg,Corn_Cercospora_Leaf_Spot
id_d796cy.jpg,Corn_Streak
id_d7c3s4.jpg,Corn_Cercospora_Leaf_Spot
id_d7lcyj.jpg,Tomato_Late_Blight
id_d8cpkz.jpg,Tomato_Healthy
id_d938tv.jpg,Corn_Cercospora_Leaf_Spot
id_d96f8m.jpg,Tomato_Septoria
id_dan5xc.jpg,Tomato_Septoria
id_dash9c.jpg,Pepper_Fusarium
id_dbapls.jpg,Corn_Cercospora_Leaf_Spot
id_dbl1x7.jpg,Pepper_Leaf_Mosaic
id_dc94tf.jpg,Pepper_Leaf_Mosaic
id_dd9pni.jpg,Tomato_Septoria
id_ddka72.jpg,Pepper_Leaf_Mosaic
id_ddr5d8.jpg,Pepper_Leaf_Mosaic
id_dgibxy.jpg,Pepper_Bacterial_Spot
id_dgqqwg.jpg,Corn_Cercospora_Leaf_Spot
id_di69er.jpg,Pepper_Bacterial_Spot
id_djlx8f.jpg,Tomato_Septoria
id_dkb8im.jpg,Corn_Cercospora_Leaf_Spot
id_dkdp5z.jpg,Corn_Streak
id_dkxzos.jpg,Pepper_Leaf_Mosaic
id_dlypj4.jpg,Tomato_Late_Blight
id_dn1wqr.jpg,Corn_Cercospora_Leaf_Spot
id_dn3w7r.jpg,Corn_Streak
id_dni4as.jpg,Corn_Cercospora_Leaf_Spot
id_dnm7cm.jpg,Pepper_Leaf_Mosaic
id_dobcyo.jpg,Pepper_Leaf_Mosaic
id_dozhbt.jpg,Corn_Cercospora_Leaf_Spot
id_dqol5t.jpg,Corn_Streak
id_drh1op.jpg,Corn_Cercospora_Leaf_Spot
id_dry813.jpg,Pepper_Leaf_Mosaic
id_dscw71.jpg,Tomato_Healthy
id_dswvyx.jpg,Tomato_Late_Blight
id_dtlkaz.jpg,Corn_Streak
id_dtry16.jpg,Corn_Cercospora_Leaf_Spot
id_dttmgf.jpg,Corn_Cercospora_Leaf_Spot
id_du3t2t.jpg,Tomato_Healthy
id_dw9fjt.jpg,Pepper_Leaf_Mosaic
id_dwogct.jpg,Corn_Cercospora_Leaf_Spot
id_dwzsh5.jpg,Corn_Cercospora_Leaf_Spot
id_e12mgg.jpg,Corn_Cercospora_Leaf_Spot
id_e2igxp.jpg,Pepper_Bacterial_Spot
id_e2pa6s.jpg,Corn_Streak
id_e2znq9.jpg,Pepper_Healthy
id_e42xow.jpg,Pepper_Bacterial_Spot
id_e4ez67.jpg,Corn_Cercospora_Leaf_Spot
id_e7dvme.jpg,Corn_Streak
id_e8t46v.jpg,Pepper_Leaf_Mosaic
id_e8xljn.jpg,Tomato_Healthy
id_e93auk.jpg,Pepper_Leaf_Mosaic
id_e9euuk.jpg,Pepper_Leaf_Mosaic
id_e9rahp.jpg,Pepper_Leaf_Mosaic
id_e9wvnf.jpg,Pepper_Bacterial_Spot
id_ea8ct3.jpg,Corn_Streak
id_eairus.jpg,Tomato_Septoria
id_ebed94.jpg,Tomato_Septoria
id_ebz59v.jpg,Corn_Streak
id_ec2rik.jpg,Pepper_Leaf_Mosaic
id_eckt44.jpg,Pepper_Leaf_Mosaic
id_ecrewx.jpg,Corn_Cercospora_Leaf_Spot
id_ecxlma.jpg,Corn_Streak
id_ed4pdt.jpg,Tomato_Late_Blight
id_ediliw.jpg,Tomato_Septoria
id_edjp2j.jpg,Corn_Cercospora_Leaf_Spot
id_edsl8g.jpg,Pepper_Leaf_Mosaic
id_ee3yqr.jpg,Tomato_Late_Blight
id_eemr4h.jpg,Tomato_Late_Blight
id_ees476.jpg,Tomato_Septoria
id_eg2bs1.jpg,Corn_Streak
id_ejjcf7.jpg,Pepper_Bacterial_Spot
id_ek3i3d.jpg,Pepper_Leaf_Mosaic
id_el81dx.jpg,Pepper_Leaf_Mosaic
id_elihq5.jpg,Tomato_Late_Blight
id_elsdma.jpg,Pepper_Leaf_Mosaic
id_eluugf.jpg,Pepper_Leaf_Mosaic
id_emgj8i.jpg,Corn_Cercospora_Leaf_Spot
id_emro8e.jpg,Pepper_Bacterial_Spot
id_en4xqh.jpg,Pepper_Bacterial_Spot
id_encfd3.jpg,Corn_Cercospora_Leaf_Spot
id_eo4vhn.jpg,Pepper_Healthy
id_eo8h4u.jpg,Pepper_Leaf_Mosaic
id_eoihsi.jpg,Tomato_Fusarium
id_eoyqyg.jpg,Pepper_Leaf_Mosaic
id_eponqz.jpg,Corn_Cercospora_Leaf_Spot
id_ept88v.jpg,Corn_Cercospora_Leaf_Spot
id_eqjzoh.jpg,Pepper_Bacterial_Spot
id_ere3cz.jpg,Tomato_Healthy
id_eri6ww.jpg,Tomato_Septoria
id_ermmxi.jpg,Tomato_Septoria
id_es7bb1.jpg,Tomato_Late_Blight
id_eskuxf.jpg,Pepper_Healthy
id_et1if7.jpg,Corn_Cercospora_Leaf_Spot
id_et4hex.jpg,Corn_Cercospora_Leaf_Spot
id_eth5uo.jpg,Corn_Streak
id_euopfo.jpg,Corn_Cercospora_Leaf_Spot
id_evidt5.jpg,Corn_Cercospora_Leaf_Spot
id_evxfo6.jpg,Tomato_Septoria
id_ewaz4c.jpg,Tomato_Septoria
id_ewd3zh.jpg,Corn_Streak
id_ewl6ab.jpg,Pepper_Leaf_Mosaic
id_ex7fii.jpg,Corn_Cercospora_Leaf_Spot
id_exdt31.jpg,Corn_Cercospora_Leaf_Spot
id_ey2hau.jpg,Corn_Cercospora_Leaf_Spot
id_ey5um9.jpg,Pepper_Bacterial_Spot
id_eyv4ok.jpg,Tomato_Healthy
id_eyvy4e.jpg,Pepper_Bacterial_Spot
id_ez2f4v.jpg,Pepper_Bacterial_Spot
id_f2a5b3.jpg,Tomato_Septoria
id_f39664.jpg,Corn_Cercospora_Leaf_Spot
id_f3yjws.jpg,Tomato_Healthy
id_f41pga.jpg,Tomato_Healthy
id_f6cbqo.jpg,Tomato_Septoria
id_f7i2ix.jpg,Corn_Cercospora_Leaf_Spot
id_f7limj.jpg,Tomato_Septoria
id_f8ek1v.jpg,Tomato_Late_Blight
id_f8jmz5.jpg,Pepper_Bacterial_Spot
id_f8vyce.jpg,Corn_Cercospora_Leaf_Spot
id_f926r6.jpg,Tomato_Early_Blight
id_f92qpj.jpg,Corn_Streak
id_f9f7ve.jpg,Corn_Cercospora_Leaf_Spot
id_fa7szp.jpg,Corn_Streak
id_fbqfl4.jpg,Tomato_Fusarium
id_fbuq5h.jpg,Pepper_Bacterial_Spot
id_fc34b4.jpg,Corn_Streak
id_fcp8de.jpg,Tomato_Early_Blight
id_fd8gqm.jpg,Pepper_Leaf_Mosaic
id_fdepai.jpg,Pepper_Healthy
id_fekvfw.jpg,Pepper_Leaf_Mosaic
id_fepqz8.jpg,Corn_Cercospora_Leaf_Spot
id_fg7lpj.jpg,Pepper_Fusarium
id_fgkv56.jpg,Pepper_Leaf_Mosaic
id_fgvcct.jpg,Corn_Cercospora_Leaf_Spot
id_fhiiqj.jpg,Pepper_Leaf_Mosaic
id_fiw4kp.jpg,Pepper_Leaf_Mosaic
id_fj9nsp.jpg,Tomato_Fusarium
id_flqlyb.jpg,Tomato_Healthy
id_fmkrio.jpg,Corn_Cercospora_Leaf_Spot
id_fonfgt.jpg,Pepper_Bacterial_Spot
id_fp42f9.jpg,Pepper_Bacterial_Spot
id_fp8yh1.jpg,Tomato_Septoria
id_fprhf3.jpg,Corn_Cercospora_Leaf_Spot
id_fq79ml.jpg,Tomato_Septoria
id_fr26o8.jpg,Corn_Cercospora_Leaf_Spot
id_fr9mjb.jpg,Tomato_Septoria
id_fsuj4a.jpg,Pepper_Leaf_Curl
id_fttj4r.jpg,Corn_Cercospora_Leaf_Spot
id_fuyecs.jpg,Pepper_Leaf_Mosaic
id_fv84jg.jpg,Tomato_Septoria
id_fvf2r2.jpg,Pepper_Healthy
id_fvxmr4.jpg,Corn_Cercospora_Leaf_Spot
id_fw3983.jpg,Pepper_Bacterial_Spot
id_fwn6yk.jpg,Pepper_Leaf_Mosaic
id_fwo9u8.jpg,Pepper_Leaf_Mosaic
id_fy6pok.jpg,Corn_Cercospora_Leaf_Spot
id_fybv8t.jpg,Tomato_Septoria
id_fz5l1k.jpg,Tomato_Septoria
id_fz9brn.jpg,Pepper_Bacterial_Spot
id_g18k6l.jpg,Corn_Cercospora_Leaf_Spot
id_g292r8.jpg,Tomato_Septoria
id_g2b4hm.jpg,Tomato_Septoria
id_g2ouyg.jpg,Corn_Cercospora_Leaf_Spot
id_g2q9e9.jpg,Pepper_Bacterial_Spot
id_g2qawn.jpg,Pepper_Bacterial_Spot
id_g2syp1.jpg,Pepper_Leaf_Curl
id_g2wexk.jpg,Corn_Streak
id_g3jqtu.jpg,Pepper_Leaf_Mosaic
id_g6fpt8.jpg,Corn_Streak
id_g7hao9.jpg,Tomato_Late_Blight
id_g7qqgn.jpg,Corn_Streak
id_g8aro1.jpg,Tomato_Healthy
id_g8bojy.jpg,Pepper_Leaf_Mosaic
id_g9a4dh.jpg,Tomato_Healthy
id_gaosuc.jpg,Tomato_Early_Blight
id_gb24nk.jpg,Tomato_Late_Blight
id_gcgn81.jpg,Pepper_Leaf_Mosaic
id_gdguzu.jpg,Corn_Cercospora_Leaf_Spot
id_gdmets.jpg,Pepper_Leaf_Mosaic
id_gdo5qk.jpg,Tomato_Septoria
id_gdzuvb.jpg,Corn_Cercospora_Leaf_Spot
id_gea4uj.jpg,Corn_Cercospora_Leaf_Spot
id_gecw5n.jpg,Tomato_Septoria
id_gfa5r6.jpg,Corn_Cercospora_Leaf_Spot
id_ggwul6.jpg,Corn_Streak
id_ghjppr.jpg,Tomato_Septoria
id_ghkcyn.jpg,Corn_Cercospora_Leaf_Spot
id_giggl2.jpg,Tomato_Septoria
id_giy5ow.jpg,Pepper_Bacterial_Spot
id_gj7fqf.jpg,Corn_Cercospora_Leaf_Spot
id_gkcqoc.jpg,Pepper_Bacterial_Spot
id_glcdvh.jpg,Tomato_Late_Blight
id_glqk68.jpg,Pepper_Bacterial_Spot
id_gmbomg.jpg,Corn_Cercospora_Leaf_Spot
id_gndwyk.jpg,Pepper_Bacterial_Spot
id_gnvuha.jpg,Tomato_Septoria
id_gq6auz.jpg,Corn_Cercospora_Leaf_Spot
id_gqm648.jpg,Pepper_Bacterial_Spot
id_gqrqpj.jpg,Corn_Cercospora_Leaf_Spot
id_gr1g74.jpg,Tomato_Late_Blight
id_gr7aw2.jpg,Corn_Cercospora_Leaf_Spot
id_grykg2.jpg,Pepper_Bacterial_Spot
id_gsrzkl.jpg,Pepper_Bacterial_Spot
id_gtetxd.jpg,Corn_Streak
id_gtgu67.jpg,Tomato_Septoria
id_gto1et.jpg,Corn_Cercospora_Leaf_Spot
id_gufb56.jpg,Corn_Cercospora_Leaf_Spot
id_gumdcy.jpg,Corn_Streak
id_gungp7.jpg,Corn_Cercospora_Leaf_Spot
id_guq1wn.jpg,Corn_Cercospora_Leaf_Spot
id_gvh7x7.jpg,Corn_Cercospora_Leaf_Spot
id_gvhrfz.jpg,Tomato_Late_Blight
id_gvp46r.jpg,Pepper_Healthy
id_gwhsbx.jpg,Pepper_Leaf_Mosaic
id_gwsemu.jpg,Pepper_Leaf_Mosaic
id_gxlf7w.jpg,Tomato_Fusarium
id_gy4t47.jpg,Corn_Cercospora_Leaf_Spot
id_h29zb3.jpg,Pepper_Leaf_Mosaic
id_h2u3h9.jpg,Tomato_Septoria
id_h2x7of.jpg,Pepper_Bacterial_Spot
id_h3fquk.jpg,Tomato_Septoria
id_h3tv25.jpg,Pepper_Leaf_Mosaic
id_h44l9s.jpg,Tomato_Septoria
id_h4fcz7.jpg,Pepper_Leaf_Mosaic
id_h5vrdg.jpg,Tomato_Late_Blight
id_h79fyh.jpg,Corn_Streak
id_h913yt.jpg,Tomato_Septoria
id_h9ewld.jpg,Pepper_Leaf_Mosaic
id_hapl92.jpg,Tomato_Healthy
id_hayzlx.jpg,Corn_Healthy
id_hbuslk.jpg,Tomato_Septoria
id_hcgp9l.jpg,Pepper_Leaf_Mosaic
id_he7c31.jpg,Corn_Cercospora_Leaf_Spot
id_hei4kk.jpg,Tomato_Late_Blight
id_hf1h63.jpg,Pepper_Leaf_Curl
id_hf4bye.jpg,Corn_Cercospora_Leaf_Spot
id_hfy8rb.jpg,Tomato_Healthy
id_hfysua.jpg,Pepper_Healthy
id_hh1izs.jpg,Corn_Cercospora_Leaf_Spot
id_hhckbu.jpg,Tomato_Late_Blight
id_hhq9aw.jpg,Corn_Streak
id_hiayoh.jpg,Tomato_Late_Blight
id_hidd5i.jpg,Pepper_Bacterial_Spot
id_hiyibv.jpg,Tomato_Septoria
id_hizwmp.jpg,Corn_Cercospora_Leaf_Spot
id_hj9k7k.jpg,Corn_Streak
id_hje4sg.jpg,Pepper_Healthy
id_hjhvmr.jpg,Corn_Cercospora_Leaf_Spot
id_hka7oq.jpg,Corn_Cercospora_Leaf_Spot
id_hkv3zh.jpg,Pepper_Leaf_Mosaic
id_hl2gnu.jpg,Corn_Healthy
id_hl615f.jpg,Corn_Streak
id_hleug3.jpg,Pepper_Leaf_Mosaic
id_hm28eq.jpg,Pepper_Fusarium
id_hmpreg.jpg,Pepper_Septoria
id_hn3wj3.jpg,Tomato_Late_Blight
id_hncvkf.jpg,Pepper_Leaf_Curl
id_hnkswo.jpg,Corn_Streak
id_hntpbc.jpg,Corn_Streak
id_hnysfj.jpg,Pepper_Leaf_Mosaic
id_hp16gx.jpg,Corn_Cercospora_Leaf_Spot
id_hp8wm3.jpg,Tomato_Healthy
id_hqkzm1.jpg,Pepper_Healthy
id_hr9qqw.jpg,Corn_Cercospora_Leaf_Spot
id_hruvug.jpg,Corn_Cercospora_Leaf_Spot
id_htmjuz.jpg,Corn_Streak
id_htot13.jpg,Corn_Streak
id_hu4gds.jpg,Pepper_Leaf_Curl
id_hue5td.jpg,Tomato_Septoria
id_huyv83.jpg,Pepper_Leaf_Curl
id_hvz48h.jpg,Pepper_Leaf_Mosaic
id_hwveyu.jpg,Pepper_Leaf_Mosaic
id_hxf39h.jpg,Tomato_Late_Blight
id_hxg4rx.jpg,Pepper_Bacterial_Spot
id_hxtgug.jpg,Pepper_Leaf_Curl
id_hxwdhl.jpg,Pepper_Leaf_Mosaic
id_hxzuex.jpg,Pepper_Healthy
id_hydbz8.jpg,Pepper_Healthy
id_hyg81d.jpg,Corn_Cercospora_Leaf_Spot
id_hypvhz.jpg,Tomato_Septoria
id_hz22nq.jpg,Tomato_Septoria
id_hz628c.jpg,Corn_Cercospora_Leaf_Spot
id_hzil93.jpg,Tomato_Late_Blight
id_i1i7jv.jpg,Pepper_Bacterial_Spot
id_i1s3cr.jpg,Corn_Cercospora_Leaf_Spot
id_i1vv7o.jpg,Tomato_Late_Blight
id_i1xyc1.jpg,Tomato_Late_Blight
id_i29hgm.jpg,Pepper_Leaf_Mosaic
id_i2k73m.jpg,Corn_Cercospora_Leaf_Spot
id_i5wdq6.jpg,Tomato_Septoria
id_i6nxgf.jpg,Pepper_Fusarium
id_i6u6hk.jpg,Pepper_Bacterial_Spot
id_i75y2h.jpg,Tomato_Septoria
id_i7av5o.jpg,Pepper_Leaf_Mosaic
id_i7sqx3.jpg,Corn_Cercospora_Leaf_Spot
id_i86q51.jpg,Corn_Cercospora_Leaf_Spot
id_i9swcc.jpg,Corn_Cercospora_Leaf_Spot
id_ib2w7q.jpg,Corn_Streak
id_ibat4z.jpg,Pepper_Leaf_Mosaic
id_ibixw2.jpg,Corn_Cercospora_Leaf_Spot
id_ibjec2.jpg,Tomato_Septoria
id_ibw5dj.jpg,Pepper_Leaf_Curl
id_ie1w2m.jpg,Tomato_Septoria
id_if9qzy.jpg,Pepper_Leaf_Mosaic
id_ifacsf.jpg,Pepper_Leaf_Curl
id_ifakmt.jpg,Pepper_Bacterial_Spot
id_ifknev.jpg,Corn_Cercospora_Leaf_Spot
id_igodm2.jpg,Pepper_Bacterial_Spot
id_ihfvx4.jpg,Tomato_Septoria
id_iiaglt.jpg,Pepper_Leaf_Curl
id_iicmme.jpg,Pepper_Leaf_Mosaic
id_iii6kt.jpg,Pepper_Leaf_Mosaic
id_ijb4j6.jpg,Pepper_Leaf_Mosaic
id_ijoh2u.jpg,Pepper_Bacterial_Spot
id_ijuk4f.jpg,Pepper_Leaf_Mosaic
id_ijwxbo.jpg,Tomato_Septoria
id_ik5wvw.jpg,Tomato_Early_Blight
id_ik6eq5.jpg,Corn_Cercospora_Leaf_Spot
id_ikvjyx.jpg,Pepper_Leaf_Mosaic
id_il6lzl.jpg,Corn_Streak
id_imw33u.jpg,Pepper_Bacterial_Spot
id_inejhl.jpg,Corn_Cercospora_Leaf_Spot
id_inl3f5.jpg,Corn_Cercospora_Leaf_Spot
id_ino6ds.jpg,Tomato_Septoria
id_invdvv.jpg,Tomato_Septoria
id_inxrsp.jpg,Corn_Cercospora_Leaf_Spot
id_iowchl.jpg,Corn_Streak
id_iq68wc.jpg,Corn_Streak
id_iqpbix.jpg,Pepper_Leaf_Mosaic
id_ir2dck.jpg,Tomato_Septoria
id_irh248.jpg,Tomato_Late_Blight
id_is4h2k.jpg,Pepper_Leaf_Mosaic
id_isl76a.jpg,Pepper_Bacterial_Spot
id_iuhhpt.jpg,Tomato_Late_Blight
id_iuva9t.jpg,Pepper_Leaf_Mosaic
id_ive5t8.jpg,Corn_Cercospora_Leaf_Spot
id_ivx616.jpg,Tomato_Septoria
id_iwl6ow.jpg,Corn_Common_Rust
id_iwy9c7.jpg,Pepper_Bacterial_Spot
id_ix7si9.jpg,Corn_Cercospora_Leaf_Spot
id_ixpnes.jpg,Pepper_Healthy
id_iyfa3y.jpg,Corn_Cercospora_Leaf_Spot
id_iza9v7.jpg,Corn_Healthy
id_izf712.jpg,Pepper_Bacterial_Spot
id_j1gaau.jpg,Tomato_Septoria
id_j2dx1c.jpg,Corn_Streak
id_j2xr3t.jpg,Pepper_Leaf_Curl
id_j3ni1q.jpg,Pepper_Healthy
id_j43l75.jpg,Pepper_Leaf_Mosaic
id_j45fyl.jpg,Corn_Cercospora_Leaf_Spot
id_j53x77.jpg,Corn_Streak
id_j58yf6.jpg,Tomato_Late_Blight
id_j62b9f.jpg,Corn_Cercospora_Leaf_Spot
id_j7asf7.jpg,Tomato_Early_Blight
id_j8de4e.jpg,Corn_Cercospora_Leaf_Spot
id_j8n9w9.jpg,Tomato_Septoria
id_j8vsxn.jpg,Tomato_Septoria
id_j9bgho.jpg,Tomato_Late_Blight
id_j9k4ta.jpg,Corn_Streak
id_ja4biv.jpg,Tomato_Septoria
id_jasv8g.jpg,Pepper_Bacterial_Spot
id_jatmpw.jpg,Tomato_Septoria
id_jazc6s.jpg,Corn_Cercospora_Leaf_Spot
id_jbstpq.jpg,Corn_Cercospora_Leaf_Spot
id_jbtxf1.jpg,Tomato_Septoria
id_jbw2pa.jpg,Pepper_Leaf_Mosaic
id_jendnb.jpg,Corn_Cercospora_Leaf_Spot
id_jf1rha.jpg,Pepper_Leaf_Mosaic
id_jfhzw6.jpg,Pepper_Leaf_Mosaic
id_jfvt92.jpg,Corn_Cercospora_Leaf_Spot
id_jichkb.jpg,Pepper_Leaf_Mosaic
id_jikz24.jpg,Corn_Cercospora_Leaf_Spot
id_jilso9.jpg,Tomato_Septoria
id_jj56k4.jpg,Pepper_Bacterial_Spot
id_jj91ad.jpg,Tomato_Septoria
id_jk1pii.jpg,Pepper_Leaf_Mosaic
id_jk1u1s.jpg,Corn_Cercospora_Leaf_Spot
id_jkyyj1.jpg,Tomato_Septoria
id_jlibpi.jpg,Corn_Cercospora_Leaf_Spot
id_jly7x5.jpg,Corn_Healthy
id_jmrdw8.jpg,Pepper_Leaf_Curl
id_jmxusg.jpg,Corn_Streak
id_joj4r2.jpg,Corn_Cercospora_Leaf_Spot
id_jpg2tw.jpg,Corn_Streak
id_jppat3.jpg,Corn_Streak
id_jq3e8d.jpg,Corn_Streak
id_jr7llb.jpg,Tomato_Septoria
id_jtx27m.jpg,Pepper_Leaf_Curl
id_jvuh5s.jpg,Corn_Streak
id_jw5v4g.jpg,Corn_Cercospora_Leaf_Spot
id_jx29w7.jpg,Corn_Cercospora_Leaf_Spot
id_jx3gsf.jpg,Tomato_Septoria
id_jx4ifj.jpg,Pepper_Healthy
id_jylaut.jpg,Tomato_Septoria
id_jyoay4.jpg,Corn_Cercospora_Leaf_Spot
id_jz6iej.jpg,Pepper_Bacterial_Spot
id_jzhp42.jpg,Corn_Streak
id_jzrsdt.jpg,Corn_Cercospora_Leaf_Spot
id_k1uwef.jpg,Tomato_Healthy
id_k1vgb1.jpg,Tomato_Septoria
id_k2hml9.jpg,Pepper_Bacterial_Spot
id_k2ysxl.jpg,Corn_Cercospora_Leaf_Spot
id_k3nh6g.jpg,Tomato_Septoria
id_k41qiu.jpg,Pepper_Fusarium
id_k4ei9p.jpg,Pepper_Leaf_Curl
id_k6rvh9.jpg,Tomato_Septoria
id_k6x9x7.jpg,Corn_Streak
id_k9mvdp.jpg,Corn_Cercospora_Leaf_Spot
id_k9nnhm.jpg,Tomato_Septoria
id_ka5hhm.jpg,Pepper_Fusarium
id_kaaoti.jpg,Pepper_Leaf_Mosaic
id_kb9v32.jpg,Pepper_Leaf_Mosaic
id_kbgoon.jpg,Tomato_Late_Blight
id_kbjt26.jpg,Pepper_Leaf_Curl
id_kcxdy4.jpg,Pepper_Bacterial_Spot
id_kd931u.jpg,Pepper_Leaf_Mosaic
id_kdsomh.jpg,Tomato_Leaf_Curl
id_ke4s5l.jpg,Pepper_Leaf_Curl
id_kee4ko.jpg,Tomato_Healthy
id_keo7kb.jpg,Corn_Streak
id_kf6fm8.jpg,Pepper_Bacterial_Spot
id_kg8wst.jpg,Tomato_Healthy
id_kgwzs6.jpg,Corn_Streak
id_khdayu.jpg,Corn_Cercospora_Leaf_Spot
id_khgn7q.jpg,Pepper_Healthy
id_kikbak.jpg,Tomato_Late_Blight
id_kiqrpq.jpg,Corn_Streak
id_kjkx6m.jpg,Pepper_Leaf_Mosaic
id_kkm1lv.jpg,Pepper_Leaf_Curl
id_kkwkuj.jpg,Pepper_Leaf_Mosaic
id_kl9e6s.jpg,Pepper_Leaf_Mosaic
id_klde9s.jpg,Pepper_Leaf_Mosaic
id_kn7z35.jpg,Corn_Cercospora_Leaf_Spot
id_ko15l7.jpg,Pepper_Bacterial_Spot
id_kp9u82.jpg,Tomato_Healthy
id_kptmz3.jpg,Corn_Cercospora_Leaf_Spot
id_kq8g7c.jpg,Pepper_Leaf_Mosaic
id_krdhxb.jpg,Corn_Cercospora_Leaf_Spot
id_krgx6h.jpg,Pepper_Leaf_Mosaic
id_krjuve.jpg,Tomato_Late_Blight
id_krxr3u.jpg,Corn_Cercospora_Leaf_Spot
id_ks4jyj.jpg,Tomato_Late_Blight
id_ksby5v.jpg,Tomato_Septoria
id_ksmh4p.jpg,Tomato_Septoria
id_ksqpvl.jpg,Tomato_Late_Blight
id_kttv87.jpg,Tomato_Septoria
id_kuhdwt.jpg,Corn_Streak
id_kup1dy.jpg,Tomato_Septoria
id_kv9anz.jpg,Pepper_Bacterial_Spot
id_kvi68g.jpg,Pepper_Leaf_Curl
id_kvmq85.jpg,Pepper_Healthy
id_kvrdtv.jpg,Corn_Streak
id_kvwsg9.jpg,Pepper_Leaf_Curl
id_kvyq3g.jpg,Corn_Streak
id_kxou2s.jpg,Pepper_Leaf_Mosaic
id_ky7g4z.jpg,Tomato_Septoria
id_kzwcvk.jpg,Corn_Cercospora_Leaf_Spot
id_l1gmfp.jpg,Pepper_Leaf_Mosaic
id_l21hv1.jpg,Tomato_Septoria
id_l2b28t.jpg,Tomato_Septoria
id_l3nfqh.jpg,Pepper_Bacterial_Spot
id_l3nhpd.jpg,Corn_Cercospora_Leaf_Spot
id_l4lkfx.jpg,Pepper_Bacterial_Spot
id_l5bxe4.jpg,Pepper_Leaf_Mosaic
id_l5k4kv.jpg,Tomato_Late_Blight
id_l62kut.jpg,Tomato_Fusarium
id_l7jatg.jpg,Pepper_Leaf_Mosaic
id_l92bfc.jpg,Pepper_Leaf_Mosaic
id_l9rbxn.jpg,Pepper_Leaf_Mosaic
id_l9xfzs.jpg,Pepper_Leaf_Mosaic
id_lbt53u.jpg,Corn_Cercospora_Leaf_Spot
id_lcq65m.jpg,Corn_Common_Rust
id_lcw2d5.jpg,Corn_Cercospora_Leaf_Spot
id_ldgehb.jpg,Tomato_Septoria
id_ldggce.jpg,Corn_Cercospora_Leaf_Spot
id_le2mal.jpg,Pepper_Leaf_Mosaic
id_lf9qz4.jpg,Corn_Streak
id_lfpt6y.jpg,Tomato_Late_Blight
id_lgmwc1.jpg,Pepper_Healthy
id_lgxs7l.jpg,Corn_Healthy
id_lhd9bf.jpg,Tomato_Septoria
id_lhen4z.jpg,Tomato_Fusarium
id_lhzte6.jpg,Tomato_Septoria
id_li2cp6.jpg,Tomato_Healthy
id_li5r3m.jpg,Pepper_Bacterial_Spot
id_liojaf.jpg,Tomato_Late_Blight
id_lk4lpm.jpg,Pepper_Leaf_Mosaic
id_llhtml.jpg,Pepper_Leaf_Mosaic
id_llrmte.jpg,Tomato_Healthy
id_llvzgv.jpg,Corn_Healthy
id_lncxm4.jpg,Pepper_Bacterial_Spot
id_lo6obz.jpg,Tomato_Late_Blight
id_lo9kyy.jpg,Tomato_Septoria
id_lpi7s5.jpg,Pepper_Bacterial_Spot
id_lpk58i.jpg,Pepper_Bacterial_Spot
id_lpqg7n.jpg,Corn_Common_Rust
id_lq5kgl.jpg,Corn_Cercospora_Leaf_Spot
id_lrg3na.jpg,Pepper_Leaf_Mosaic
id_lroqph.jpg,Tomato_Late_Blight
id_lshv4k.jpg,Corn_Cercospora_Leaf_Spot
id_lsj6d7.jpg,Tomato_Late_Blight
id_lsjfq9.jpg,Tomato_Fusarium
id_ltagpb.jpg,Tomato_Septoria
id_ltdf4a.jpg,Tomato_Healthy
id_lujiwg.jpg,Pepper_Leaf_Mosaic
id_luktqr.jpg,Tomato_Leaf_Curl
id_lumwe2.jpg,Pepper_Leaf_Mosaic
id_lvejv8.jpg,Tomato_Healthy
id_lvpmve.jpg,Corn_Streak
id_lx9xes.jpg,Tomato_Late_Blight
id_lxkecb.jpg,Tomato_Septoria
id_ly4a95.jpg,Pepper_Leaf_Mosaic
id_lyw4ym.jpg,Corn_Cercospora_Leaf_Spot
id_lyxbbt.jpg,Corn_Streak
id_lzx232.jpg,Pepper_Bacterial_Spot
id_lzxx1n.jpg,Tomato_Septoria
id_m16rkf.jpg,Corn_Streak
id_m2jg1g.jpg,Pepper_Healthy
id_m3d9d5.jpg,Corn_Cercospora_Leaf_Spot
id_m4xioe.jpg,Corn_Streak
id_m6s3yp.jpg,Tomato_Fusarium
id_m79ncq.jpg,Tomato_Septoria
id_m7uney.jpg,Corn_Healthy
id_m8e6jp.jpg,Corn_Cercospora_Leaf_Spot
id_m8hgnt.jpg,Tomato_Septoria
id_m8kijf.jpg,Pepper_Bacterial_Spot
id_m8vb7d.jpg,Corn_Cercospora_Leaf_Spot
id_m96zyl.jpg,Corn_Cercospora_Leaf_Spot
id_m9o3ft.jpg,Tomato_Septoria
id_ma5sng.jpg,Tomato_Septoria
id_ma86v7.jpg,Pepper_Septoria
id_may8mk.jpg,Corn_Streak
id_mb61jd.jpg,Tomato_Late_Blight
id_mb9qt1.jpg,Corn_Cercospora_Leaf_Spot
id_mcahcp.jpg,Pepper_Bacterial_Spot
id_mctyn9.jpg,Tomato_Late_Blight
id_md4xgg.jpg,Pepper_Leaf_Mosaic
id_mdhv53.jpg,Corn_Cercospora_Leaf_Spot
id_mejg6e.jpg,Pepper_Bacterial_Spot
id_mfg3ge.jpg,Pepper_Leaf_Mosaic
id_mfumer.jpg,Tomato_Healthy
id_mgfs3w.jpg,Pepper_Bacterial_Spot
id_mh4egk.jpg,Pepper_Leaf_Curl
id_mhjwtb.jpg,Pepper_Leaf_Curl
id_mhlaxx.jpg,Tomato_Septoria
id_mhlf19.jpg,Corn_Cercospora_Leaf_Spot
id_mikmj3.jpg,Corn_Cercospora_Leaf_Spot
id_mjl6lr.jpg,Tomato_Septoria
id_mjpu68.jpg,Tomato_Late_Blight
id_mjvtef.jpg,Pepper_Bacterial_Spot
id_mk4s6t.jpg,Pepper_Leaf_Mosaic
id_mkp6a7.jpg,Tomato_Healthy
id_mm1t7k.jpg,Pepper_Healthy
id_mm3dw6.jpg,Tomato_Fusarium
id_mnd281.jpg,Pepper_Leaf_Mosaic
id_mnwa7o.jpg,Pepper_Bacterial_Spot
id_mo4b3c.jpg,Pepper_Leaf_Mosaic
id_moiedd.jpg,Corn_Cercospora_Leaf_Spot
id_mphkht.jpg,Tomato_Septoria
id_mpj7cs.jpg,Tomato_Early_Blight
id_mq97dy.jpg,Corn_Cercospora_Leaf_Spot
id_mqjtvd.jpg,Corn_Healthy
id_mqnph7.jpg,Corn_Streak
id_mqwnpr.jpg,Pepper_Leaf_Mosaic
id_mr5871.jpg,Tomato_Late_Blight
id_mrhlyf.jpg,Corn_Streak
id_mrihmn.jpg,Pepper_Healthy
id_mrpxhg.jpg,Pepper_Leaf_Curl
id_mrz83i.jpg,Tomato_Septoria
id_mtezu8.jpg,Tomato_Septoria
id_mtxeln.jpg,Corn_Cercospora_Leaf_Spot
id_mu3wi7.jpg,Tomato_Healthy
id_mu7zqs.jpg,Pepper_Leaf_Mosaic
id_mw3ycp.jpg,Tomato_Septoria
id_mwbpy9.jpg,Pepper_Leaf_Mosaic
id_mwl1yg.jpg,Corn_Cercospora_Leaf_Spot
id_mwmtm1.jpg,Pepper_Leaf_Mosaic
id_mwrnst.jpg,Pepper_Leaf_Curl
id_mx1gez.jpg,Corn_Streak
id_mx89in.jpg,Corn_Cercospora_Leaf_Spot
id_my16fs.jpg,Pepper_Leaf_Mosaic
id_my5uey.jpg,Tomato_Septoria
id_myvfll.jpg,Tomato_Septoria
id_mywser.jpg,Pepper_Leaf_Mosaic
id_myzcv5.jpg,Tomato_Healthy
id_mzlxv4.jpg,Tomato_Late_Blight
id_n19jtx.jpg,Pepper_Leaf_Mosaic
id_n2jwpj.jpg,Pepper_Leaf_Mosaic
id_n2syfq.jpg,Pepper_Leaf_Mosaic
id_n347cu.jpg,Pepper_Leaf_Curl
id_n3ml9c.jpg,Tomato_Late_Blight
id_n4c6a2.jpg,Corn_Cercospora_Leaf_Spot
id_n4voyx.jpg,Tomato_Late_Blight
id_n5rgat.jpg,Pepper_Bacterial_Spot
id_n5z5wv.jpg,Pepper_Leaf_Mosaic
id_n7628s.jpg,Corn_Cercospora_Leaf_Spot
id_n76phc.jpg,Pepper_Bacterial_Spot
id_n7bt2w.jpg,Corn_Cercospora_Leaf_Spot
id_n7eppw.jpg,Tomato_Healthy
id_n7obfw.jpg,Corn_Cercospora_Leaf_Spot
id_n85bcq.jpg,Pepper_Bacterial_Spot
id_n8aepu.jpg,Corn_Streak
id_n8i5pt.jpg,Tomato_Late_Blight
id_n8lp12.jpg,Corn_Cercospora_Leaf_Spot
id_n8nf5y.jpg,Corn_Cercospora_Leaf_Spot
id_n8njau.jpg,Corn_Streak
id_n97x2c.jpg,Pepper_Fusarium
id_nalc7q.jpg,Corn_Cercospora_Leaf_Spot
id_nb41gm.jpg,Tomato_Healthy
id_nbhjum.jpg,Pepper_Bacterial_Spot
id_nc72u5.jpg,Pepper_Leaf_Mosaic
id_ncs1cd.jpg,Pepper_Leaf_Curl
id_nd5mjk.jpg,Tomato_Fusarium
id_ne7ks6.jpg,Tomato_Septoria
id_nf2zzu.jpg,Tomato_Late_Blight
id_nf3a8h.jpg,Corn_Cercospora_Leaf_Spot
id_nfiwoc.jpg,Tomato_Septoria
id_ngglkj.jpg,Tomato_Septoria
id_ni6kz9.jpg,Corn_Cercospora_Leaf_Spot
id_nis1n3.jpg,Tomato_Septoria
id_njsuxa.jpg,Tomato_Septoria
id_nk9nv1.jpg,Pepper_Bacterial_Spot
id_nkph1n.jpg,Tomato_Septoria
id_nkyni3.jpg,Pepper_Bacterial_Spot
id_nlulxy.jpg,Pepper_Leaf_Mosaic
id_nlwv2u.jpg,Corn_Cercospora_Leaf_Spot
id_nnmosd.jpg,Tomato_Healthy
id_nob3ix.jpg,Pepper_Leaf_Mosaic
id_nogtv9.jpg,Tomato_Late_Blight
id_noyj88.jpg,Pepper_Leaf_Mosaic
id_np5qz5.jpg,Pepper_Leaf_Mosaic
id_np8z48.jpg,Tomato_Healthy
id_npxm6e.jpg,Corn_Cercospora_Leaf_Spot
id_nr6u8q.jpg,Corn_Cercospora_Leaf_Spot
id_nrfy6o.jpg,Pepper_Bacterial_Spot
id_nric2j.jpg,Corn_Cercospora_Leaf_Spot
id_ns3ljp.jpg,Tomato_Septoria
id_nucvvz.jpg,Tomato_Septoria
id_nunxb6.jpg,Pepper_Leaf_Mosaic
id_nv7bkm.jpg,Corn_Streak
id_nvmzaw.jpg,Pepper_Leaf_Mosaic
id_nx9mzr.jpg,Tomato_Septoria
id_nxi5yi.jpg,Tomato_Septoria
id_nyejox.jpg,Tomato_Late_Blight
id_nyklt2.jpg,Pepper_Septoria
id_nz8orm.jpg,Pepper_Healthy
id_o1cxcg.jpg,Tomato_Leaf_Curl
id_o1iqbe.jpg,Pepper_Leaf_Curl
id_o1j12q.jpg,Tomato_Late_Blight
id_o22ore.jpg,Pepper_Bacterial_Spot
id_o2m72h.jpg,Tomato_Late_Blight
id_o3ts54.jpg,Corn_Streak
id_o47iiv.jpg,Pepper_Leaf_Mosaic
id_o4uphd.jpg,Pepper_Leaf_Mosaic
id_o566dp.jpg,Tomato_Late_Blight
id_o56pt7.jpg,Tomato_Late_Blight
id_o59ra8.jpg,Corn_Cercospora_Leaf_Spot
id_o67wre.jpg,Tomato_Late_Blight
id_o6ltln.jpg,Corn_Cercospora_Leaf_Spot
id_o6z2j1.jpg,Pepper_Bacterial_Spot
id_o74f8m.jpg,Pepper_Bacterial_Spot
id_o7cybo.jpg,Pepper_Leaf_Curl
id_o7impu.jpg,Corn_Cercospora_Leaf_Spot
id_o7v2ip.jpg,Pepper_Bacterial_Spot
id_o8llxl.jpg,Pepper_Leaf_Mosaic
id_o8v6bi.jpg,Corn_Cercospora_Leaf_Spot
id_o9cyxm.jpg,Pepper_Leaf_Mosaic
id_o9ngas.jpg,Corn_Cercospora_Leaf_Spot
id_oaft5l.jpg,Tomato_Healthy
id_ob88nt.jpg,Corn_Cercospora_Leaf_Spot
id_ob8x7f.jpg,Pepper_Leaf_Mosaic
id_obswbu.jpg,Corn_Cercospora_Leaf_Spot
id_oc19xe.jpg,Pepper_Bacterial_Spot
id_ocqvdq.jpg,Tomato_Septoria
id_ocsrjn.jpg,Corn_Cercospora_Leaf_Spot
id_od7nys.jpg,Tomato_Septoria
id_odbbxm.jpg,Pepper_Healthy
id_odl86z.jpg,Corn_Cercospora_Leaf_Spot
id_odptr4.jpg,Pepper_Leaf_Mosaic
id_odw7jb.jpg,Tomato_Late_Blight
id_oftupx.jpg,Corn_Cercospora_Leaf_Spot
id_ofymrz.jpg,Tomato_Late_Blight
id_ogcx76.jpg,Pepper_Leaf_Mosaic
id_ogngxr.jpg,Corn_Streak
id_ohj76l.jpg,Pepper_Leaf_Mosaic
id_ojdfbp.jpg,Pepper_Leaf_Curl
id_ojusgg.jpg,Corn_Cercospora_Leaf_Spot
id_ok9fi4.jpg,Corn_Cercospora_Leaf_Spot
id_okguce.jpg,Tomato_Late_Blight
id_olyzny.jpg,Corn_Cercospora_Leaf_Spot
id_om5rke.jpg,Corn_Cercospora_Leaf_Spot
id_on2xij.jpg,Corn_Streak
id_onf46j.jpg,Pepper_Leaf_Mosaic
id_op25et.jpg,Corn_Cercospora_Leaf_Spot
id_op2bh5.jpg,Pepper_Bacterial_Spot
id_opk7co.jpg,Corn_Streak
id_oq1vgd.jpg,Tomato_Late_Blight
id_oqca9t.jpg,Pepper_Leaf_Mosaic
id_or533c.jpg,Pepper_Bacterial_Spot
id_ostb2x.jpg,Corn_Cercospora_Leaf_Spot
id_otjomz.jpg,Pepper_Healthy
id_ovl6ha.jpg,Tomato_Septoria
id_ow5rlg.jpg,Tomato_Late_Blight
id_ow67vy.jpg,Tomato_Septoria
id_oxnxc7.jpg,Corn_Streak
id_ozdkzk.jpg,Corn_Streak
id_ozt4iz.jpg,Corn_Streak
id_p1ajdg.jpg,Tomato_Late_Blight
id_p1ep4z.jpg,Pepper_Leaf_Mosaic
id_p1qwzh.jpg,Tomato_Late_Blight
id_p2jfwd.jpg,Pepper_Leaf_Mosaic
id_p2jgtf.jpg,Pepper_Fusarium
id_p31u26.jpg,Pepper_Bacterial_Spot
id_p3qpqw.jpg,Corn_Streak
id_p577dw.jpg,Pepper_Bacterial_Spot
id_p5m9vg.jpg,Corn_Cercospora_Leaf_Spot
id_p6g1la.jpg,Corn_Common_Rust
id_p6od1o.jpg,Pepper_Leaf_Mosaic
id_p72i7q.jpg,Corn_Cercospora_Leaf_Spot
id_p8dtec.jpg,Corn_Cercospora_Leaf_Spot
id_p8ox4c.jpg,Corn_Streak
id_p8uwzb.jpg,Corn_Streak
id_p9zw3n.jpg,Pepper_Bacterial_Spot
id_papikx.jpg,Pepper_Healthy
id_pav18w.jpg,Tomato_Late_Blight
id_pbae9w.jpg,Tomato_Septoria
id_pbmukm.jpg,Pepper_Leaf_Mosaic
id_pbtsqh.jpg,Tomato_Late_Blight
id_pbv82l.jpg,Tomato_Healthy
id_pbv9k1.jpg,Tomato_Early_Blight
id_pbye7c.jpg,Pepper_Leaf_Mosaic
id_pchdf3.jpg,Pepper_Leaf_Mosaic
id_pcuoif.jpg,Pepper_Bacterial_Spot
id_pd71jx.jpg,Corn_Cercospora_Leaf_Spot
id_pdhk46.jpg,Corn_Cercospora_Leaf_Spot
id_pdyxtq.jpg,Pepper_Leaf_Curl
id_pe2baj.jpg,Pepper_Bacterial_Spot
id_pepogt.jpg,Pepper_Bacterial_Spot
id_pet4nc.jpg,Tomato_Septoria
id_pexok9.jpg,Tomato_Septoria
id_pg4c13.jpg,Pepper_Bacterial_Spot
id_phczn7.jpg,Pepper_Leaf_Mosaic
id_pi1398.jpg,Tomato_Septoria
id_piu6wg.jpg,Pepper_Bacterial_Spot
id_pj2pdn.jpg,Corn_Streak
id_pj7w64.jpg,Corn_Streak
id_pjf8ge.jpg,Pepper_Bacterial_Spot
id_pjqmnu.jpg,Tomato_Healthy
id_pkoks1.jpg,Tomato_Late_Blight
id_plcgvp.jpg,Corn_Cercospora_Leaf_Spot
id_pmthn1.jpg,Corn_Streak
id_pn1zzg.jpg,Tomato_Septoria
id_pnfs7v.jpg,Tomato_Septoria
id_pox8ti.jpg,Pepper_Leaf_Mosaic
id_poy12y.jpg,Pepper_Bacterial_Spot
id_pp3dip.jpg,Tomato_Septoria
id_pp51ch.jpg,Pepper_Healthy
id_ppc2sy.jpg,Tomato_Healthy
id_ppjjje.jpg,Corn_Cercospora_Leaf_Spot
id_pqoya3.jpg,Pepper_Leaf_Mosaic
id_pr2ali.jpg,Corn_Cercospora_Leaf_Spot
id_prdqiv.jpg,Tomato_Late_Blight
id_prw3oi.jpg,Pepper_Leaf_Mosaic
id_ps45pv.jpg,Corn_Streak
id_ptlfqh.jpg,Pepper_Leaf_Mosaic
id_pu58bt.jpg,Pepper_Bacterial_Spot
id_pukqy8.jpg,Pepper_Leaf_Mosaic
id_puldkg.jpg,Tomato_Late_Blight
id_puwlwb.jpg,Tomato_Healthy
id_pv2mml.jpg,Pepper_Leaf_Mosaic
id_pvbaps.jpg,Tomato_Septoria
id_pvbvao.jpg,Tomato_Early_Blight
id_pvfhqz.jpg,Tomato_Septoria
id_pwe8ep.jpg,Corn_Streak
id_pwq11j.jpg,Pepper_Fusarium
id_pzhc1a.jpg,Pepper_Leaf_Mosaic
id_pzhd68.jpg,Pepper_Bacterial_Spot
id_q22l7e.jpg,Corn_Healthy
id_q3s5ol.jpg,Tomato_Late_Blight
id_q3zt4p.jpg,Corn_Cercospora_Leaf_Spot
id_q4kaof.jpg,Corn_Streak
id_q4kp5j.jpg,Tomato_Septoria
id_q6kb3a.jpg,Tomato_Septoria
id_q6l85z.jpg,Pepper_Leaf_Mosaic
id_q7365p.jpg,Pepper_Leaf_Mosaic
id_q7frx4.jpg,Corn_Cercospora_Leaf_Spot
id_q8rhld.jpg,Tomato_Septoria
id_q97obi.jpg,Corn_Streak
id_qb7s2h.jpg,Tomato_Septoria
id_qb9wbp.jpg,Tomato_Septoria
id_qbtsc5.jpg,Corn_Cercospora_Leaf_Spot
id_qcaqhl.jpg,Pepper_Leaf_Mosaic
id_qcfaoh.jpg,Pepper_Bacterial_Spot
id_qdy23l.jpg,Pepper_Bacterial_Spot
id_qfwvle.jpg,Corn_Streak
id_qg95oz.jpg,Corn_Streak
id_qgferf.jpg,Pepper_Bacterial_Spot
id_qgwyjj.jpg,Corn_Streak
id_qi4jdh.jpg,Corn_Streak
id_qikmkc.jpg,Corn_Cercospora_Leaf_Spot
id_qjw2kw.jpg,Pepper_Bacterial_Spot
id_qk2k62.jpg,Tomato_Late_Blight
id_qkevv8.jpg,Pepper_Bacterial_Spot
id_qmp54e.jpg,Pepper_Healthy
id_qmuipp.jpg,Pepper_Leaf_Mosaic
id_qocsq5.jpg,Tomato_Septoria
id_qpebaw.jpg,Tomato_Fusarium
id_qpeicc.jpg,Pepper_Bacterial_Spot
id_qpxl4j.jpg,Tomato_Septoria
id_qqd4mk.jpg,Corn_Streak
id_qqn8gf.jpg,Tomato_Late_Blight
id_qr12t5.jpg,Tomato_Healthy
id_qriwi6.jpg,Corn_Cercospora_Leaf_Spot
id_qss4go.jpg,Tomato_Septoria
id_qstmhk.jpg,Tomato_Healthy
id_qt6e38.jpg,Tomato_Late_Blight
id_qtqqq8.jpg,Pepper_Bacterial_Spot
id_quz66f.jpg,Corn_Cercospora_Leaf_Spot
id_qw3jgu.jpg,Corn_Cercospora_Leaf_Spot
id_qwnqga.jpg,Corn_Streak
id_qwsi9n.jpg,Tomato_Septoria
id_qxdl8q.jpg,Tomato_Septoria
id_qyhwi6.jpg,Pepper_Bacterial_Spot
id_qzy91s.jpg,Pepper_Leaf_Mosaic
id_r25gqn.jpg,Corn_Cercospora_Leaf_Spot
id_r2n5v2.jpg,Tomato_Septoria
id_r2u9p9.jpg,Tomato_Septoria
id_r2vfm9.jpg,Corn_Streak
id_r2yizy.jpg,Pepper_Healthy
id_r4d2ck.jpg,Corn_Cercospora_Leaf_Spot
id_r4o2ee.jpg,Tomato_Fusarium
id_r4pkea.jpg,Corn_Cercospora_Leaf_Spot
id_r52lrv.jpg,Corn_Cercospora_Leaf_Spot
id_r6mpvg.jpg,Corn_Cercospora_Leaf_Spot
id_r7urtm.jpg,Corn_Streak
id_r8wj2l.jpg,Tomato_Fusarium
id_r99wje.jpg,Corn_Cercospora_Leaf_Spot
id_rab69o.jpg,Tomato_Septoria
id_rbhgje.jpg,Pepper_Leaf_Mosaic
id_rbjw4y.jpg,Tomato_Late_Blight
id_rbry72.jpg,Pepper_Leaf_Mosaic
id_rd3k31.jpg,Tomato_Early_Blight
id_rdps6p.jpg,Corn_Cercospora_Leaf_Spot
id_rdrblk.jpg,Pepper_Leaf_Curl
id_receox.jpg,Pepper_Bacterial_Spot
id_reee3l.jpg,Pepper_Leaf_Mosaic
id_repygf.jpg,Tomato_Fusarium
id_req3u2.jpg,Pepper_Leaf_Mosaic
id_rf3kby.jpg,Corn_Cercospora_Leaf_Spot
id_rggfpb.jpg,Pepper_Bacterial_Spot
id_rh4qa4.jpg,Tomato_Septoria
id_rhesvv.jpg,Tomato_Healthy
id_rhmp9f.jpg,Tomato_Septoria
id_rhomwo.jpg,Pepper_Leaf_Curl
id_rhqcg4.jpg,Pepper_Bacterial_Spot
id_rhqp84.jpg,Corn_Cercospora_Leaf_Spot
id_ri1aif.jpg,Corn_Cercospora_Leaf_Spot
id_rjejbx.jpg,Corn_Cercospora_Leaf_Spot
id_rkswe5.jpg,Pepper_Septoria
id_rmthb1.jpg,Tomato_Septoria
id_rpwz63.jpg,Tomato_Late_Blight
id_rq99lw.jpg,Tomato_Healthy
id_rqj21o.jpg,Tomato_Septoria
id_rqk6wu.jpg,Tomato_Septoria
id_rqwx9o.jpg,Corn_Cercospora_Leaf_Spot
id_rr623j.jpg,Tomato_Septoria
id_rrjwz6.jpg,Pepper_Leaf_Curl
id_rs2jeo.jpg,Pepper_Leaf_Mosaic
id_rs79jf.jpg,Tomato_Septoria
id_rsepbj.jpg,Pepper_Leaf_Mosaic
id_rsudhv.jpg,Tomato_Late_Blight
id_rsxs7p.jpg,Pepper_Leaf_Mosaic
id_rtufv7.jpg,Tomato_Septoria
id_ru43np.jpg,Pepper_Leaf_Mosaic
id_ru9qzd.jpg,Tomato_Healthy
id_rvdh7f.jpg,Pepper_Leaf_Mosaic
id_rvexwk.jpg,Tomato_Septoria
id_rvrtdy.jpg,Pepper_Healthy
id_rwyl2a.jpg,Pepper_Leaf_Mosaic
id_rxvw76.jpg,Pepper_Leaf_Mosaic
id_ry4bvp.jpg,Pepper_Bacterial_Spot
id_ry64nm.jpg,Pepper_Bacterial_Spot
id_rzafrc.jpg,Tomato_Septoria
id_s1n9us.jpg,Corn_Streak
id_s1p7v2.jpg,Tomato_Late_Blight
id_s1pq57.jpg,Tomato_Healthy
id_s24b5n.jpg,Pepper_Bacterial_Spot
id_s25b9h.jpg,Tomato_Late_Blight
id_s25bff.jpg,Tomato_Septoria
id_s2vkow.jpg,Tomato_Septoria
id_s3gdpu.jpg,Tomato_Septoria
id_s3mp7a.jpg,Tomato_Late_Blight
id_s4ymyw.jpg,Tomato_Late_Blight
id_s5lbjw.jpg,Corn_Streak
id_s66h47.jpg,Pepper_Leaf_Curl
id_s6fi4r.jpg,Pepper_Leaf_Curl
id_s6y2pg.jpg,Pepper_Leaf_Mosaic
id_s6zr2h.jpg,Tomato_Septoria
id_s73qhu.jpg,Corn_Streak
id_s79375.jpg,Corn_Healthy
id_s7vj67.jpg,Tomato_Septoria
id_s821km.jpg,Corn_Cercospora_Leaf_Spot
id_s8bowp.jpg,Pepper_Leaf_Mosaic
id_s93z7t.jpg,Pepper_Leaf_Mosaic
id_s9a1qg.jpg,Pepper_Bacterial_Spot
id_sal4xs.jpg,Pepper_Leaf_Curl
id_saur7o.jpg,Tomato_Healthy
id_scns9e.jpg,Pepper_Healthy
id_sd752t.jpg,Tomato_Septoria
id_sdfjfg.jpg,Pepper_Leaf_Mosaic
id_sey5ca.jpg,Tomato_Late_Blight
id_sfgmwt.jpg,Corn_Streak
id_sfhjyw.jpg,Pepper_Bacterial_Spot
id_sfrx1y.jpg,Corn_Streak
id_sgf4cj.jpg,Pepper_Bacterial_Spot
id_shjsdv.jpg,Tomato_Early_Blight
id_shq766.jpg,Pepper_Leaf_Mosaic
id_shr9um.jpg,Corn_Cercospora_Leaf_Spot
id_si6po5.jpg,Pepper_Leaf_Mosaic
id_si9m5n.jpg,Pepper_Leaf_Mosaic
id_sjo7av.jpg,Tomato_Healthy
id_slq8jg.jpg,Pepper_Leaf_Curl
id_smchn6.jpg,Corn_Cercospora_Leaf_Spot
id_smhki6.jpg,Tomato_Fusarium
id_sn6k6a.jpg,Corn_Cercospora_Leaf_Spot
id_spad86.jpg,Corn_Cercospora_Leaf_Spot
id_spkiuy.jpg,Corn_Cercospora_Leaf_Spot
id_spsaqw.jpg,Corn_Streak
id_sq65z3.jpg,Tomato_Early_Blight
id_ssa2jh.jpg,Pepper_Leaf_Mosaic
id_ssenp5.jpg,Pepper_Leaf_Mosaic
id_ssurll.jpg,Tomato_Late_Blight
id_sthh8k.jpg,Pepper_Bacterial_Spot
id_sulzis.jpg,Corn_Cercospora_Leaf_Spot
id_suts8u.jpg,Pepper_Leaf_Mosaic
id_sv8wlu.jpg,Pepper_Leaf_Mosaic
id_svmul3.jpg,Pepper_Leaf_Mosaic
id_sw7sjs.jpg,Tomato_Late_Blight
id_sxupzi.jpg,Tomato_Septoria
id_syyka8.jpg,Tomato_Healthy
id_sz1ufy.jpg,Tomato_Healthy
id_sz8x4o.jpg,Corn_Cercospora_Leaf_Spot
id_szcgl4.jpg,Pepper_Leaf_Mosaic
id_t17s23.jpg,Corn_Cercospora_Leaf_Spot
id_t1cm81.jpg,Tomato_Septoria
id_t1jtyc.jpg,Pepper_Bacterial_Spot
id_t1mo2h.jpg,Pepper_Leaf_Mosaic
id_t25hcv.jpg,Tomato_Septoria
id_t2pxyj.jpg,Pepper_Leaf_Mosaic
id_t4gedp.jpg,Corn_Cercospora_Leaf_Spot
id_t4temf.jpg,Corn_Cercospora_Leaf_Spot
id_t4u8zd.jpg,Tomato_Septoria
id_t4uavr.jpg,Corn_Streak
id_t55m3n.jpg,Corn_Cercospora_Leaf_Spot
id_t5hq8o.jpg,Pepper_Bacterial_Spot
id_t5nnhe.jpg,Pepper_Leaf_Mosaic
id_t5uv2y.jpg,Pepper_Healthy
id_t6l49p.jpg,Corn_Cercospora_Leaf_Spot
id_t6rtp9.jpg,Tomato_Septoria
id_t7qtca.jpg,Tomato_Late_Blight
id_t7scx7.jpg,Tomato_Septoria
id_t9w4tv.jpg,Tomato_Healthy
id_tbelfa.jpg,Corn_Cercospora_Leaf_Spot
id_tbys6m.jpg,Pepper_Bacterial_Spot
id_tc29xr.jpg,Pepper_Leaf_Mosaic
id_tcze3v.jpg,Corn_Streak
id_tczwbp.jpg,Corn_Cercospora_Leaf_Spot
id_td2erl.jpg,Pepper_Bacterial_Spot
id_tfo7un.jpg,Pepper_Leaf_Mosaic
id_tgfgjs.jpg,Tomato_Septoria
id_tgw3va.jpg,Pepper_Leaf_Curl
id_thhazk.jpg,Tomato_Late_Blight
id_thidhn.jpg,Corn_Cercospora_Leaf_Spot
id_thpf9b.jpg,Pepper_Leaf_Mosaic
id_tihfm5.jpg,Tomato_Healthy
id_tjbj4m.jpg,Corn_Streak
id_tkcvho.jpg,Tomato_Late_Blight
id_tm7d49.jpg,Tomato_Septoria
id_tmjnrm.jpg,Pepper_Bacterial_Spot
id_tmt2p4.jpg,Pepper_Leaf_Mosaic
id_tnzjmy.jpg,Tomato_Late_Blight
id_to61fu.jpg,Corn_Streak
id_to9rpm.jpg,Pepper_Healthy
id_tpd1a4.jpg,Pepper_Leaf_Mosaic
id_tqiwq7.jpg,Pepper_Leaf_Mosaic
id_tqny81.jpg,Pepper_Leaf_Mosaic
id_tqw7av.jpg,Tomato_Late_Blight
id_trlj8f.jpg,Corn_Cercospora_Leaf_Spot
id_ts46hy.jpg,Corn_Cercospora_Leaf_Spot
id_ts6fpn.jpg,Tomato_Late_Blight
id_ts76rt.jpg,Corn_Cercospora_Leaf_Spot
id_ts8cvi.jpg,Pepper_Leaf_Mosaic
id_ts8qkq.jpg,Tomato_Septoria
id_tt29ba.jpg,Pepper_Leaf_Mosaic
id_tt3c47.jpg,Corn_Cercospora_Leaf_Spot
id_ttbb3c.jpg,Pepper_Leaf_Mosaic
id_ttenm1.jpg,Tomato_Late_Blight
id_ttidfl.jpg,Pepper_Healthy
id_tts9o2.jpg,Tomato_Septoria
id_tvltdp.jpg,Corn_Streak
id_tvp6f3.jpg,Pepper_Leaf_Curl
id_twyyf3.jpg,Tomato_Late_Blight
id_txjvk2.jpg,Pepper_Leaf_Mosaic
id_txowdh.jpg,Tomato_Healthy
id_txyx8n.jpg,Tomato_Late_Blight
id_ty73pa.jpg,Corn_Streak
id_tz3znh.jpg,Corn_Cercospora_Leaf_Spot
id_tz5vcx.jpg,Pepper_Bacterial_Spot
id_tzv32d.jpg,Corn_Healthy
id_tzz27w.jpg,Corn_Cercospora_Leaf_Spot
id_u1egad.jpg,Tomato_Healthy
id_u1j4h1.jpg,Pepper_Leaf_Mosaic
id_u1y9yq.jpg,Pepper_Leaf_Mosaic
id_u24yze.jpg,Corn_Streak
id_u2i5kl.jpg,Tomato_Septoria
id_u2sbec.jpg,Pepper_Leaf_Mosaic
id_u4exwn.jpg,Corn_Streak
id_u4szjo.jpg,Pepper_Leaf_Mosaic
id_u5msez.jpg,Corn_Cercospora_Leaf_Spot
id_u6i5t2.jpg,Pepper_Bacterial_Spot
id_u6ra2i.jpg,Corn_Streak
id_u6xito.jpg,Pepper_Fusarium
id_u8zxf4.jpg,Tomato_Late_Blight
id_u9ca6g.jpg,Corn_Cercospora_Leaf_Spot
id_u9rywp.jpg,Tomato_Early_Blight
id_uacddi.jpg,Pepper_Leaf_Mosaic
id_uc9m4y.jpg,Pepper_Leaf_Mosaic
id_ue1pmk.jpg,Pepper_Bacterial_Spot
id_ueba5t.jpg,Corn_Cercospora_Leaf_Spot
id_uf8whb.jpg,Pepper_Leaf_Mosaic
id_ufcf3v.jpg,Corn_Cercospora_Leaf_Spot
id_ugoe5l.jpg,Tomato_Septoria
id_ugrfqg.jpg,Tomato_Early_Blight
id_uhxeae.jpg,Tomato_Septoria
id_ui9xba.jpg,Corn_Cercospora_Leaf_Spot
id_uit9q2.jpg,Tomato_Late_Blight
id_uiyn9j.jpg,Tomato_Late_Blight
id_uk3wqi.jpg,Tomato_Septoria
id_ukgobe.jpg,Tomato_Septoria
id_uks4os.jpg,Corn_Streak
id_ukspz4.jpg,Corn_Streak
id_ulchth.jpg,Tomato_Septoria
id_ulhias.jpg,Tomato_Late_Blight
id_umhp87.jpg,Corn_Streak
id_unp6ue.jpg,Pepper_Leaf_Mosaic
id_unwujo.jpg,Corn_Cercospora_Leaf_Spot
id_uqq2c3.jpg,Tomato_Fusarium
id_ur3agd.jpg,Tomato_Late_Blight
id_ur8yh5.jpg,Tomato_Healthy
id_urhz3c.jpg,Tomato_Late_Blight
id_urm1m3.jpg,Tomato_Septoria
id_uroquo.jpg,Pepper_Healthy
id_us8bdq.jpg,Tomato_Healthy
id_utzek6.jpg,Pepper_Leaf_Mosaic
id_uuj8r3.jpg,Tomato_Septoria
id_uuni9p.jpg,Tomato_Late_Blight
id_uup3y6.jpg,Pepper_Leaf_Mosaic
id_uvk63g.jpg,Pepper_Leaf_Mosaic
id_uvnl5t.jpg,Pepper_Leaf_Mosaic
id_uxwe74.jpg,Tomato_Septoria
id_uzb645.jpg,Pepper_Leaf_Mosaic
id_uze1mn.jpg,Tomato_Septoria
id_uzoxma.jpg,Tomato_Septoria
id_v158y5.jpg,Pepper_Bacterial_Spot
id_v15sxk.jpg,Pepper_Bacterial_Spot
id_v1zxdb.jpg,Corn_Streak
id_v276yh.jpg,Tomato_Septoria
id_v2pueh.jpg,Tomato_Fusarium
id_v2tose.jpg,Tomato_Late_Blight
id_v49w3g.jpg,Tomato_Healthy
id_v4aptq.jpg,Corn_Cercospora_Leaf_Spot
id_v4qbpe.jpg,Corn_Streak
id_v4vwfz.jpg,Corn_Cercospora_Leaf_Spot
id_v6hd2t.jpg,Pepper_Leaf_Mosaic
id_v6hqdk.jpg,Pepper_Leaf_Mosaic
id_v78p12.jpg,Corn_Cercospora_Leaf_Spot
id_v854iv.jpg,Pepper_Bacterial_Spot
id_v9lx4u.jpg,Pepper_Bacterial_Spot
id_va1qrt.jpg,Pepper_Leaf_Mosaic
id_vb7na8.jpg,Tomato_Healthy
id_vbostj.jpg,Tomato_Healthy
id_vc5oij.jpg,Corn_Cercospora_Leaf_Spot
id_vcjdka.jpg,Tomato_Late_Blight
id_vct1ik.jpg,Pepper_Bacterial_Spot
id_vdg2nh.jpg,Corn_Cercospora_Leaf_Spot
id_veih35.jpg,Pepper_Leaf_Mosaic
id_vesc1z.jpg,Corn_Cercospora_Leaf_Spot
id_vfniga.jpg,Tomato_Fusarium
id_vh85go.jpg,Pepper_Leaf_Mosaic
id_vheqzq.jpg,Corn_Cercospora_Leaf_Spot
id_vhq4kk.jpg,Pepper_Fusarium
id_vi7nde.jpg,Corn_Streak
id_viti2a.jpg,Tomato_Fusarium
id_vivcs2.jpg,Pepper_Leaf_Mosaic
id_vjupqm.jpg,Pepper_Leaf_Mosaic
id_vjxupc.jpg,Corn_Streak
id_vlwozf.jpg,Corn_Streak
id_vlzdn9.jpg,Pepper_Bacterial_Spot
id_vmr7fz.jpg,Pepper_Leaf_Mosaic
id_vn7otk.jpg,Pepper_Bacterial_Spot
id_vogqkk.jpg,Pepper_Leaf_Mosaic
id_voi3nm.jpg,Corn_Cercospora_Leaf_Spot
id_vq61l9.jpg,Tomato_Late_Blight
id_vr412g.jpg,Tomato_Septoria
id_vr4hmd.jpg,Pepper_Leaf_Mosaic
id_vrm5em.jpg,Tomato_Late_Blight
id_vt1mnt.jpg,Tomato_Late_Blight
id_vugben.jpg,Pepper_Leaf_Mosaic
id_vujd9o.jpg,Tomato_Healthy
id_vw57lw.jpg,Tomato_Septoria
id_vwh5xx.jpg,Pepper_Bacterial_Spot
id_vwox98.jpg,Pepper_Leaf_Mosaic
id_vwy6r3.jpg,Pepper_Leaf_Mosaic
id_vx46ds.jpg,Tomato_Healthy
id_vxst38.jpg,Pepper_Leaf_Mosaic
id_vyy8jo.jpg,Corn_Streak
id_vz3dnt.jpg,Pepper_Leaf_Mosaic
id_vzxk8a.jpg,Corn_Streak
id_w18w1s.jpg,Pepper_Healthy
id_w1q9ql.jpg,Pepper_Leaf_Mosaic
id_w21k51.jpg,Tomato_Late_Blight
id_w23tvv.jpg,Corn_Cercospora_Leaf_Spot
id_w29yh7.jpg,Corn_Streak
id_w2cysi.jpg,Pepper_Bacterial_Spot
id_w2f5er.jpg,Corn_Cercospora_Leaf_Spot
id_w2o98p.jpg,Tomato_Septoria
id_w33i3n.jpg,Pepper_Healthy
id_w42fbu.jpg,Corn_Cercospora_Leaf_Spot
id_w5firx.jpg,Tomato_Septoria
id_w5idy4.jpg,Pepper_Healthy
id_w6n7z4.jpg,Pepper_Bacterial_Spot
id_w6pg8k.jpg,Corn_Cercospora_Leaf_Spot
id_w711o7.jpg,Tomato_Septoria
id_w76gwz.jpg,Pepper_Leaf_Mosaic
id_w77o53.jpg,Pepper_Leaf_Mosaic
id_w7p4ns.jpg,Pepper_Leaf_Mosaic
id_w9cdqy.jpg,Tomato_Healthy
id_w9duxv.jpg,Corn_Cercospora_Leaf_Spot
id_wamstq.jpg,Pepper_Leaf_Mosaic
id_waruqf.jpg,Tomato_Fusarium
id_wco36x.jpg,Corn_Cercospora_Leaf_Spot
id_wdnp7s.jpg,Tomato_Late_Blight
id_wdugd1.jpg,Pepper_Leaf_Mosaic
id_we4dzg.jpg,Tomato_Late_Blight
id_wfvmt5.jpg,Tomato_Septoria
id_whsv1y.jpg,Pepper_Bacterial_Spot
id_wi7d1h.jpg,Corn_Healthy
id_wivgit.jpg,Pepper_Leaf_Mosaic
id_wj6mjo.jpg,Corn_Streak
id_wk167i.jpg,Pepper_Bacterial_Spot
id_wk4wx1.jpg,Tomato_Early_Blight
id_wlxgwu.jpg,Tomato_Early_Blight
id_wmgg8s.jpg,Corn_Cercospora_Leaf_Spot
id_wmwnxj.jpg,Tomato_Healthy
id_wnjzek.jpg,Corn_Cercospora_Leaf_Spot
id_wp21vt.jpg,Pepper_Bacterial_Spot
id_wptm9g.jpg,Pepper_Bacterial_Spot
id_wqga18.jpg,Pepper_Leaf_Mosaic
id_wqqj1c.jpg,Tomato_Healthy
id_wrluo4.jpg,Corn_Healthy
id_wsjhjf.jpg,Corn_Common_Rust
id_wtgi27.jpg,Pepper_Healthy
id_wtp6a3.jpg,Corn_Cercospora_Leaf_Spot
id_wuj6ye.jpg,Corn_Streak
id_wv1ozj.jpg,Corn_Healthy
id_wv9uzm.jpg,Tomato_Late_Blight
id_wwaaaj.jpg,Pepper_Leaf_Mosaic
id_wwn8sj.jpg,Pepper_Leaf_Curl
id_wx63xn.jpg,Pepper_Leaf_Mosaic
id_wya2g8.jpg,Corn_Cercospora_Leaf_Spot
id_x114yx.jpg,Pepper_Leaf_Mosaic
id_x1h8rs.jpg,Corn_Cercospora_Leaf_Spot
id_x1qiw8.jpg,Pepper_Bacterial_Spot
id_x1xd1g.jpg,Corn_Cercospora_Leaf_Spot
id_x2amrr.jpg,Tomato_Late_Blight
id_x2oqk5.jpg,Corn_Streak
id_x3kc2o.jpg,Tomato_Late_Blight
id_x3sw1k.jpg,Pepper_Leaf_Mosaic
id_x3wnpd.jpg,Corn_Streak
id_x48r65.jpg,Pepper_Bacterial_Spot
id_x4fx2v.jpg,Pepper_Leaf_Mosaic
id_x4h9nk.jpg,Pepper_Leaf_Mosaic
id_x4rf2m.jpg,Tomato_Septoria
id_x4ulmp.jpg,Tomato_Early_Blight
id_x58kmy.jpg,Corn_Cercospora_Leaf_Spot
id_x5rtis.jpg,Tomato_Septoria
id_x5vvqk.jpg,Corn_Cercospora_Leaf_Spot
id_x6vmqu.jpg,Pepper_Leaf_Mosaic
id_x6vvoc.jpg,Tomato_Healthy
id_x6xhya.jpg,Pepper_Bacterial_Spot
id_x8gy39.jpg,Tomato_Septoria
id_x9lce1.jpg,Corn_Streak
id_xab4h5.jpg,Pepper_Leaf_Mosaic
id_xazls5.jpg,Tomato_Late_Blight
id_xcj9e7.jpg,Corn_Cercospora_Leaf_Spot
id_xe9qez.jpg,Corn_Streak
id_xethgr.jpg,Corn_Cercospora_Leaf_Spot
id_xf16c1.jpg,Pepper_Leaf_Mosaic
id_xfdwqt.jpg,Corn_Cercospora_Leaf_Spot
id_xg9bcg.jpg,Corn_Healthy
id_xh32sn.jpg,Pepper_Leaf_Mosaic
id_xl2clf.jpg,Corn_Streak
id_xlzc77.jpg,Tomato_Late_Blight
id_xmbvj6.jpg,Tomato_Early_Blight
id_xmdkyz.jpg,Pepper_Leaf_Mosaic
id_xn9eu2.jpg,Pepper_Leaf_Mosaic
id_xodwkr.jpg,Tomato_Late_Blight
id_xp2z6h.jpg,Pepper_Leaf_Mosaic
id_xpcq26.jpg,Corn_Streak
id_xpn7p6.jpg,Tomato_Healthy
id_xpu3iy.jpg,Pepper_Leaf_Mosaic
id_xqf4yy.jpg,Corn_Streak
id_xscd4w.jpg,Corn_Cercospora_Leaf_Spot
id_xsgx8i.jpg,Tomato_Septoria
id_xsoxms.jpg,Tomato_Healthy
id_xt6a1y.jpg,Corn_Cercospora_Leaf_Spot
id_xtbxc9.jpg,Corn_Streak
id_xtwq43.jpg,Corn_Cercospora_Leaf_Spot
id_xufn82.jpg,Corn_Cercospora_Leaf_Spot
id_xvov1o.jpg,Pepper_Leaf_Mosaic
id_xwcc2g.jpg,Corn_Streak
id_xwfqhr.jpg,Pepper_Bacterial_Spot
id_xxf1sv.jpg,Pepper_Leaf_Mosaic
id_xxw1vn.jpg,Tomato_Fusarium
id_xywdtg.jpg,Corn_Cercospora_Leaf_Spot
id_xzse3f.jpg,Corn_Cercospora_Leaf_Spot
id_y1yr6i.jpg,Pepper_Leaf_Mosaic
id_y2bicd.jpg,Pepper_Leaf_Mosaic
id_y39cpx.jpg,Tomato_Fusarium
id_y3a3l7.jpg,Tomato_Leaf_Curl
id_y3afc1.jpg,Corn_Streak
id_y52oed.jpg,Tomato_Healthy
id_y54ovq.jpg,Tomato_Septoria
id_y558zl.jpg,Corn_Streak
id_y5h2if.jpg,Tomato_Septoria
id_y5tmen.jpg,Pepper_Bacterial_Spot
id_y78k7p.jpg,Pepper_Leaf_Mosaic
id_y7kvef.jpg,Corn_Healthy
id_y7vek7.jpg,Tomato_Late_Blight
id_y7ytkh.jpg,Pepper_Leaf_Mosaic
id_y8b6ti.jpg,Corn_Streak
id_y8o7xv.jpg,Pepper_Bacterial_Spot
id_y9jgu6.jpg,Pepper_Leaf_Curl
id_y9k4fz.jpg,Corn_Cercospora_Leaf_Spot
id_y9oohn.jpg,Corn_Cercospora_Leaf_Spot
id_yc7xrp.jpg,Tomato_Healthy
id_yfm7g5.jpg,Pepper_Leaf_Curl
id_yfq9e8.jpg,Tomato_Late_Blight
id_yiba35.jpg,Corn_Cercospora_Leaf_Spot
id_yicusl.jpg,Pepper_Leaf_Mosaic
id_yklm1s.jpg,Corn_Cercospora_Leaf_Spot
id_ykqfsd.jpg,Pepper_Leaf_Mosaic
id_yksut5.jpg,Pepper_Fusarium
id_ykywrz.jpg,Pepper_Leaf_Mosaic
id_ym5ipz.jpg,Corn_Streak
id_ym73kp.jpg,Corn_Cercospora_Leaf_Spot
id_ym8u8r.jpg,Pepper_Leaf_Mosaic
id_yngeb6.jpg,Tomato_Septoria
id_yo9e2x.jpg,Pepper_Leaf_Mosaic
id_yoiimr.jpg,Tomato_Late_Blight
id_yq2s6y.jpg,Corn_Cercospora_Leaf_Spot
id_yq9dui.jpg,Corn_Streak
id_yqe1rf.jpg,Tomato_Healthy
id_yqyprg.jpg,Corn_Cercospora_Leaf_Spot
id_yrja76.jpg,Corn_Streak
id_yrvkbu.jpg,Corn_Streak
id_ys42bn.jpg,Tomato_Septoria
id_yt8nzh.jpg,Pepper_Bacterial_Spot
id_yu7dz8.jpg,Tomato_Late_Blight
id_yuc8vl.jpg,Pepper_Leaf_Mosaic
id_yvhoaa.jpg,Tomato_Septoria
id_yvsmr9.jpg,Tomato_Septoria
id_ywkodt.jpg,Corn_Healthy
id_ywxmb9.jpg,Pepper_Leaf_Mosaic
id_yxiujv.jpg,Corn_Cercospora_Leaf_Spot
id_yy7pw2.jpg,Pepper_Bacterial_Spot
id_yyn5ku.jpg,Pepper_Leaf_Mosaic
id_yzft6c.jpg,Tomato_Late_Blight
id_z16ntm.jpg,Corn_Streak
id_z1c742.jpg,Tomato_Late_Blight
id_z1iiay.jpg,Corn_Streak
id_z1vfj4.jpg,Tomato_Septoria
id_z2zvrh.jpg,Pepper_Leaf_Mosaic
id_z342ek.jpg,Pepper_Leaf_Mosaic
id_z4kklr.jpg,Tomato_Septoria
id_z6726a.jpg,Tomato_Healthy
id_z68wot.jpg,Tomato_Septoria
id_z6ikv9.jpg,Tomato_Septoria
id_z7hjbd.jpg,Pepper_Leaf_Curl
id_z7pze4.jpg,Tomato_Healthy
id_z89ixx.jpg,Corn_Streak
id_z8xsgv.jpg,Tomato_Septoria
id_z9bmsi.jpg,Tomato_Healthy
id_z9mdc9.jpg,Tomato_Healthy
id_zachhb.jpg,Tomato_Healthy
id_zajikt.jpg,Tomato_Healthy
id_zclglk.jpg,Tomato_Late_Blight
id_zcnpjc.jpg,Pepper_Leaf_Curl
id_zeaeyd.jpg,Pepper_Healthy
id_zfulu1.jpg,Corn_Cercospora_Leaf_Spot
id_zfw9r6.jpg,Corn_Cercospora_Leaf_Spot
id_zh4btn.jpg,Corn_Cercospora_Leaf_Spot
id_zhl6hh.jpg,Corn_Streak
id_zikbf4.jpg,Corn_Cercospora_Leaf_Spot
id_zjkzku.jpg,Pepper_Leaf_Mosaic
id_zjqbpt.jpg,Tomato_Late_Blight
id_zki4a5.jpg,Pepper_Leaf_Mosaic
id_zkixzh.jpg,Tomato_Healthy
id_zl2i2n.jpg,Corn_Cercospora_Leaf_Spot
id_zm8di2.jpg,Corn_Cercospora_Leaf_Spot
id_zmzd8k.jpg,Pepper_Bacterial_Spot
id_znlqyg.jpg,Corn_Cercospora_Leaf_Spot
id_zpo33j.jpg,Corn_Streak
id_zqr4wo.jpg,Pepper_Bacterial_Spot
id_zrj147.jpg,Tomato_Septoria
id_zs2c1o.jpg,Tomato_Septoria
id_zsiz2o.jpg,Pepper_Bacterial_Spot
id_ztoxob.jpg,Corn_Cercospora_Leaf_Spot
id_ztvf21.jpg,Corn_Cercospora_Leaf_Spot
id_zud8yl.jpg,Tomato_Septoria
id_zv5n5d.jpg,Pepper_Leaf_Mosaic
id_zv9zcc.jpg,Tomato_Fusarium
id_zvhztw.jpg,Pepper_Healthy
id_zwdjmm.jpg,Tomato_Septoria
id_zwh22z.jpg,Pepper_Leaf_Mosaic
id_zx8mpg.jpg,Corn_Streak
id_zxmdco.jpg,Tomato_Septoria
id_zyeufv.jpg,Tomato_Healthy
id_zz5dtu.jpg,Tomato_Septoria
id_zzhvx3.jpg,Corn_Cercospora_Leaf_Spot
id_9j9flv.jpg,Pepper_Leaf_Mosaic
id_956uk4.jpg,Tomato_Septoria
id_8ufnbr.jpg,Pepper_Leaf_Mosaic
id_fx1lvj.jpg,Corn_Cercospora_Leaf_Spot
id_9j3gcw.jpg,Tomato_Healthy
id_byl4f4.jpg,Pepper_Leaf_Mosaic
id_x955kr.jpg,Pepper_Leaf_Mosaic
id_kr9trr.jpg,Pepper_Fusarium
id_lpypdz.jpg,Tomato_Septoria
id_o813rn.jpg,Pepper_Healthy
id_inkn3f.jpg,Tomato_Septoria
id_tw35sy.jpg,Tomato_Septoria
id_66sevr.jpg,Pepper_Leaf_Mosaic
id_yg7sf2.jpg,Corn_Cercospora_Leaf_Spot
id_mv812i.jpg,Pepper_Leaf_Mosaic
id_h3y3la.jpg,Corn_Cercospora_Leaf_Spot
id_5n4q1c.jpg,Pepper_Leaf_Mosaic
id_9l2ay7.jpg,Tomato_Late_Blight
id_i8z6q2.jpg,Pepper_Bacterial_Spot
id_7164i5.jpg,Pepper_Leaf_Mosaic
id_j89io5.jpg,Pepper_Leaf_Mosaic
id_tic5cr.jpg,Pepper_Leaf_Mosaic
id_tjxlyf.jpg,Corn_Streak
id_4mdsot.jpg,Pepper_Healthy
id_frhr24.jpg,Pepper_Leaf_Mosaic
id_opc4t1.jpg,Corn_Cercospora_Leaf_Spot
id_xdd1xo.jpg,Tomato_Late_Blight
id_42cen6.jpg,Pepper_Healthy
id_patuve.jpg,Pepper_Leaf_Mosaic
id_cauhe7.jpg,Pepper_Leaf_Mosaic
id_582pu9.jpg,Pepper_Leaf_Mosaic
id_g6atc5.jpg,Tomato_Late_Blight
id_2zgnzd.jpg,Pepper_Healthy
id_6z198g.jpg,Pepper_Healthy
id_4xlzdn.jpg,Pepper_Leaf_Mosaic
id_odc36n.jpg,Tomato_Healthy
id_v3gu1r.jpg,Tomato_Late_Blight
id_zj7h9w.jpg,Corn_Streak
id_rmroc8.jpg,Pepper_Leaf_Mosaic
id_iytwrm.jpg,Tomato_Late_Blight
id_5sfgyq.jpg,Pepper_Leaf_Mosaic
id_5s6bb8.jpg,Tomato_Septoria
id_sp7ucp.jpg,Pepper_Leaf_Mosaic
id_fdgccx.jpg,Pepper_Leaf_Mosaic
